{
    "4.000000": {
        "0.325000": {
            "0.375000": {
                "140": {
                    "RD_rho": 13.423622728874303,
                    "RDerror_rho": 173.4615410005465,
                    "charge_neg": 131.16621762637868,
                    "charge_pos": 72.08607037810299,
                    "error": 7.117476161658117,
                    "error_neg": 0.4134837963754563,
                    "error_pos": 0.4875503304817517,
                    "rungroup": 140,
                    "value": 14.41624486394827,
                    "yield_neg": 7.724912833652332,
                    "yield_neg_incrad": 12.255329783450671,
                    "yield_neg_rho": 0.30872866513960595,
                    "yield_pos": 9.228180244456917,
                    "yield_pos_incrad": 19.68237261946014,
                    "yield_pos_rho": 0.30872866513960595
                }
            }
        },
        "0.375000": {
            "0.425000": {
                "90": {
                    "RD_rho": -0.9109354629910633,
                    "RDerror_rho": null,
                    "charge_neg": 111.46319464852323,
                    "charge_pos": 62.59129378134732,
                    "error": 0.08371820734183022,
                    "error_neg": 0.002480938844307445,
                    "error_pos": 0.10538622582814924,
                    "rungroup": 90,
                    "value": -0.9109354629910633,
                    "yield_neg": -0.004297112088567641,
                    "yield_neg_incrad": 0.0045331211787491554,
                    "yield_neg_rho": 0.0,
                    "yield_pos": -0.1490386298534824,
                    "yield_pos_incrad": 0.0002286483779941062,
                    "yield_pos_rho": 0.0
                }
            },
            "0.575000": {
                "110": {
                    "RD_rho": 0.704421156978332,
                    "RDerror_rho": 0.0,
                    "charge_neg": 46.64818657485992,
                    "charge_pos": 49.07703160265423,
                    "error": 0.0,
                    "error_neg": 0.0,
                    "error_pos": 0.0,
                    "rungroup": 110,
                    "value": -0.4073597142257275,
                    "yield_neg": -0.025959202014187034,
                    "yield_neg_incrad": 0.07113446640122256,
                    "yield_neg_rho": 0.01752634783210176,
                    "yield_pos": -0.1573670862095984,
                    "yield_pos_incrad": 0.18764022569250471,
                    "yield_pos_rho": 0.01752634783210176
                },
                "130": {
                    "RD_rho": 9.497260263666544,
                    "RDerror_rho": 70.79869825526536,
                    "charge_neg": 154.8329504730798,
                    "charge_pos": 64.49658786882863,
                    "error": 4.623576442094728,
                    "error_neg": 0.3339499278918837,
                    "error_pos": 0.5077731559991914,
                    "rungroup": 130,
                    "value": 10.716515420597059,
                    "yield_neg": 6.518256572327468,
                    "yield_neg_incrad": 6.123121239484301,
                    "yield_neg_rho": 0.40541304320314,
                    "yield_pos": 8.18724850508301,
                    "yield_pos_incrad": 11.322149226509131,
                    "yield_pos_rho": 0.40541304320314
                }
            }
        },
        "0.525000": {
            "0.475000": {
                "350": {
                    "RD_rho": 10.47901404493392,
                    "RDerror_rho": 83.36700767427935,
                    "charge_neg": 167.8565495729648,
                    "charge_pos": 90.79744110609344,
                    "error": 5.830541812562814,
                    "error_neg": 0.2727152265629791,
                    "error_pos": 0.36580212287272734,
                    "rungroup": 350,
                    "value": 11.69477956355313,
                    "yield_neg": 4.58351697846399,
                    "yield_neg_incrad": 4.846842613895941,
                    "yield_neg_rho": 0.30321634236153283,
                    "yield_pos": 5.66668276850811,
                    "yield_pos_incrad": 8.240961644052687,
                    "yield_pos_rho": 0.30321634236153283
                }
            },
            "0.625000": {
                "390": {
                    "RD_rho": -0.7308383635331743,
                    "RDerror_rho": null,
                    "charge_neg": 107.59684321649956,
                    "charge_pos": 55.80680044542787,
                    "error": 0.29861458174496697,
                    "error_neg": 0.002890547238332781,
                    "error_pos": 0.019793678147712712,
                    "rungroup": 390,
                    "value": -0.7308383635331743,
                    "yield_neg": -0.0032593670147762752,
                    "yield_neg_incrad": 0.005507675953113633,
                    "yield_neg_rho": 0.0,
                    "yield_pos": -0.039587356295425424,
                    "yield_pos_incrad": 0.005427234111810009,
                    "yield_pos_rho": 0.0
                }
            }
        }
    },
    "4.750000": {
        "0.375000": {
            "0.575000": {
                "190": {
                    "RD_rho": 0.06014107237930998,
                    "RDerror_rho": null,
                    "charge_neg": 186.16716231269223,
                    "charge_pos": 126.22339239533636,
                    "error": 0.0,
                    "error_neg": 0.0,
                    "error_pos": 0.0,
                    "rungroup": 190,
                    "value": 0.06014107237930998,
                    "yield_neg": -0.005176181320826175,
                    "yield_neg_incrad": 0.008285475989545432,
                    "yield_neg_rho": 0.0,
                    "yield_pos": -0.019823801686696254,
                    "yield_pos_incrad": 0.020257112561923307,
                    "yield_pos_rho": 0.0
                }
            }
        },
        "0.425000": {
            "0.625000": {
                "190": {
                    "RD_rho": 15.45463589413617,
                    "RDerror_rho": 100.40252496468614,
                    "charge_neg": 186.16716231269223,
                    "charge_pos": 126.22339239533636,
                    "error": 18.08439855922752,
                    "error_neg": 0.16184602081758048,
                    "error_pos": 0.20781590923326648,
                    "rungroup": 190,
                    "value": 20.16006323097878,
                    "yield_neg": 2.295081598408837,
                    "yield_neg_incrad": 3.1774659437844974,
                    "yield_neg_rho": 0.2799417078515496,
                    "yield_pos": 2.620470266678333,
                    "yield_pos_incrad": 6.141938901455544,
                    "yield_pos_rho": 0.2799417078515496
                }
            }
        },
        "0.475000": {
            "0.575000": {
                "210": {
                    "RD_rho": 23.56243239269773,
                    "RDerror_rho": 305.2700353531063,
                    "charge_neg": 303.69149712688545,
                    "charge_pos": 155.46314909991986,
                    "error": 31.607481589972643,
                    "error_neg": 0.14779485599074627,
                    "error_pos": 0.2004621228824371,
                    "rungroup": 210,
                    "value": 29.526565405336004,
                    "yield_neg": 2.534907729334775,
                    "yield_neg_incrad": 2.443524977486017,
                    "yield_neg_rho": 0.18411056432205922,
                    "yield_pos": 2.784025934643094,
                    "yield_pos_incrad": 4.853194437726992,
                    "yield_pos_rho": 0.18411056432205922
                }
            }
        },
        "0.525000": {
            "0.475000": {
                "260": {
                    "RD_rho": 9.724439120641355,