{
    "4.000000": {
        "0.275000": {
            "0.375000": {
                "error_ratio": 1.0381613139139076,
                "value_ratio": 4.91852296244815
            },
            "0.425000": {
                "error_ratio": 1.175425049436419,
                "value_ratio": 5.640604589039153
            },
            "0.475000": {
                "error_ratio": 0.7737148183053929,
                "value_ratio": 2.7303493321873833
            },
            "0.525000": {
                "error_ratio": 0.5600538532442861,
                "value_ratio": 2.5419409625285185
            },
            "0.575000": {
                "error_ratio": 0.5602450478449629,
                "value_ratio": 3.0702738889574896
            },
            "0.625000": {
                "error_ratio": 0.5540803226099419,
                "value_ratio": 3.6578292152404326
            },
            "0.675000": {
                "error_ratio": 0.3362578609446416,
                "value_ratio": 2.012706362514037
            },
            "0.725000": {
                "error_ratio": 0.45430623253766983,
                "value_ratio": 2.0516685530374676
            },
            "0.775000": {
                "error_ratio": 0.5450835954790555,
                "value_ratio": 1.9367177576305012
            }
        },
        "0.325000": {
            "0.325000": {
                "error_ratio": 2.5941474622603993,
                "value_ratio": 5.2543572141026536
            },
            "0.375000": {
                "error_ratio": 0.814456613004592,
                "value_ratio": 5.967685616364281
            },
            "0.425000": {
                "error_ratio": 0.40606353602235323,
                "value_ratio": 4.5799051878273245
            },
            "0.475000": {
                "error_ratio": 0.45534778262720926,
                "value_ratio": 5.047283594699161
            },
            "0.525000": {
                "error_ratio": 0.3737208276119199,
                "value_ratio": 4.491500411892049
            },
            "0.575000": {
                "error_ratio": 0.32245175926563724,
                "value_ratio": 3.907777700010519
            },
            "0.625000": {
                "error_ratio": 0.240191797053542,
                "value_ratio": 2.9609950340775293
            },
            "0.675000": {
                "error_ratio": 0.18421975800490467,
                "value_ratio": 2.421771324226589
            },
            "0.725000": {
                "error_ratio": 0.23877156446590236,
                "value_ratio": 2.2640380142960628
            },
            "0.775000": {
                "error_ratio": 0.5417017078433523,
                "value_ratio": 2.1277487499273002
            }
        },
        "0.375000": {
            "0.325000": {
                "error_ratio": 1.090969853140913,
                "value_ratio": 4.689794711248315
            },
            "0.375000": {
                "error_ratio": 0.479251987640374,
                "value_ratio": 5.035916784800799
            },
            "0.425000": {
                "error_ratio": 0.3533623447230559,
                "value_ratio": 4.397166541251393
            },
            "0.475000": {
                "error_ratio": 0.29634115077530176,
                "value_ratio": 4.238070726212518
            },
            "0.525000": {
                "error_ratio": 0.31967313449294105,
                "value_ratio": 4.433593607560051
            },
            "0.575000": {
                "error_ratio": 0.2907459551711885,
                "value_ratio": 4.071596446363426
            },
            "0.625000": {
                "error_ratio": 0.20385807383304524,
                "value_ratio": 2.983225130056571
            },
            "0.675000": {
                "error_ratio": 0.20869729375112253,
                "value_ratio": 2.7927403041114855
            },
            "0.725000": {
                "error_ratio": 0.45629763387524724,
                "value_ratio": 3.405784170236725
            }
        },
        "0.425000": {
            "0.325000": {
                "error_ratio": 1.9960870219983016,
                "value_ratio": 7.205815566946296
            },
            "0.375000": {
                "error_ratio": 0.5062405290186913,
                "value_ratio": 4.870626769987317
            },
            "0.425000": {
                "error_ratio": 0.4387063035339877,
                "value_ratio": 4.99413688715057
            },
            "0.475000": {
                "error_ratio": 0.3067809959733198,
                "value_ratio": 4.1157856686896785
            },
            "0.525000": {
                "error_ratio": 0.2757354834249037,
                "value_ratio": 3.9066835540876608
            },
            "0.575000": {
                "error_ratio": 0.29072468771927124,
                "value_ratio": 3.9374060252841976
            },
            "0.625000": {
                "error_ratio": 0.2995975839730303,
                "value_ratio": 3.1265688712658575
            },
            "0.675000": {
                "error_ratio": 0.3598864341436354,
                "value_ratio": 2.498440663946623
            },
            "0.725000": {
                "error_ratio": 0.6273245458653652,
                "value_ratio": 1.2668940091972183
            }
        },
        "0.475000": {
            "0.375000": {
                "error_ratio": 0.798610900734905,
                "value_ratio": 5.923991895170656
            },
            "0.425000": {
                "error_ratio": 0.5527891422480069,
                "value_ratio": 5.131327444465971
            },
            "0.475000": {
                "error_ratio": 0.3431531943238771,
                "value_ratio": 3.659096565748938
            },
            "0.525000": {
                "error_ratio": 0.38793389361627545,
                "value_ratio": 3.8039376853833926
            },
            "0.575000": {
                "error_ratio": 0.5508159232919074,
                "value_ratio": 4.2370948893493745
            },
            "0.625000": {
                "error_ratio": 1.0305552541361964,
                "value_ratio": 2.6764743705745313
            }
        },
        "0.525000": {
            "0.375000": {
                "error_ratio": 1.51199588935902,
                "value_ratio": 6.852392320774931
            },
            "0.425000": {
                "error_ratio": 0.7481525507679958,
                "value_ratio": 4.488433382365289
            },
            "0.475000": {
                "error_ratio": 0.9158025724458214,
                "value_ratio": 5.236172235006755
            },
            "0.525000": {
                "error_ratio": 1.00583504192051,
                "value_ratio": 3.5752481155116858
            }
        },
        "0.575000": {
            "0.375000": {
                "error_ratio": 5.039658795760957,
                "value_ratio": 9.579863550595308
            },
            "0.425000": {
                "error_ratio": 1.049552115618454,
                "value_ratio": 3.4967565992810865
            }
        }
    },
    "4.750000": {
        "0.325000": {
            "0.475000": {
                "error_ratio": 2.063816999142158,
                "value_ratio": 4.006887904929584
            },
            "0.525000": {
                "error_ratio": 1.4950183846774536,
                "value_ratio": 2.8905381398645416
            },
            "0.675000": {
                "error_ratio": 0.8688830294120563,
                "value_ratio": 1.1197276220973795
            },
            "0.725000": {
                "error_ratio": 0.4715278035317434,
                "value_ratio": 0.3030977636909406
            }
        },
        "0.375000": {
            "0.375000": {
                "error_ratio": 0.5408470802485931,
                "value_ratio": 4.465409427743953
            },