{
    "4.000000": {
        "0.275000": {
            "0.425000": {
                "90": {
                    "RD_rho": 10.173958344394888,
                    "RDerror_rho": 119.59617800729305,
                    "charge_neg": 111.46319464852323,
                    "charge_pos": 62.59129378134732,
                    "error": 6.4542821123277205,
                    "error_neg": 0.3151222638529527,
                    "error_pos": 0.4119075749119068,
                    "rungroup": 90,
                    "value": 11.01687954216536,
                    "yield_neg": 4.249934068322458,
                    "yield_neg_incrad": 5.279884214695098,
                    "yield_neg_rho": 0.22893462300324743,
                    "yield_pos": 5.310925165073515,
                    "yield_pos_incrad": 8.561037015899949,
                    "yield_pos_rho": 0.22893462300324743
                }
            }
        },
        "0.325000": {
            "0.375000": {
                "140": {
                    "RD_rho": 13.39249446396487,
                    "RDerror_rho": 175.47080181948266,
                    "charge_neg": 131.16621762637868,
                    "charge_pos": 72.08607037810299,
                    "error": 6.838398928463165,
                    "error_neg": 0.41844823370553536,
                    "error_pos": 0.49640041782627986,
                    "rungroup": 140,
                    "value": 14.294311488347978,
                    "yield_neg": 8.03778940174696,
                    "yield_neg_incrad": 12.812382983470153,
                    "yield_neg_rho": 0.30872866513960595,
                    "yield_pos": 9.614412724974796,
                    "yield_pos_incrad": 20.333846386859335,
                    "yield_pos_rho": 0.30872866513960595
                }
            }
        },
        "0.375000": {
            "0.575000": {
                "130": {
                    "RD_rho": 9.582431870009904,
                    "RDerror_rho": 71.82622023603425,
                    "charge_neg": 154.8329504730798,
                    "charge_pos": 64.49658786882863,
                    "error": 4.695778023182469,
                    "error_neg": 0.3339357188261564,
                    "error_pos": 0.5078098201936406,
                    "rungroup": 130,
                    "value": 10.813805634435896,
                    "yield_neg": 6.520788999773486,
                    "yield_neg_incrad": 6.123121239484301,
                    "yield_neg_rho": 0.40541304320314,
                    "yield_pos": 8.176679371145298,
                    "yield_pos_incrad": 11.322149226509131,
                    "yield_pos_rho": 0.40541304320314
                },
                "320": {
                    "RD_rho": 9.372354772481422,
                    "RDerror_rho": 43.645974788167415,
                    "charge_neg": 102.64283125829958,
                    "charge_pos": 72.81457191221114,
                    "error": 6.35313825748321,
                    "error_neg": 0.30504204920349276,
                    "error_pos": 0.4084811389503557,
                    "rungroup": 320,
                    "value": 11.320496072292489,
                    "yield_neg": 4.439612981042993,
                    "yield_neg_incrad": 7.091883279551301,
                    "yield_neg_rho": 0.5400440685499679,
                    "yield_pos": 5.520644042209569,
                    "yield_pos_incrad": 12.555943196239216,
                    "yield_pos_rho": 0.5400440685499679
                }
            }
        },
        "0.525000": {
            "0.475000": {
                "350": {
                    "RD_rho": 9.737367340961152,
                    "RDerror_rho": 73.9867551231074,
                    "charge_neg": 167.8565495729648,
                    "charge_pos": 90.79744110609344,
                    "error": 5.2005887708501115,
                    "error_neg": 0.2727187790639202,
                    "error_pos": 0.36580212287272734,
                    "rungroup": 350,
                    "value": 10.87495386758483,
                    "yield_neg": 4.523818833812457,
                    "yield_neg_incrad": 4.846842613895941,
                    "yield_neg_rho": 0.30321634236153283,
                    "yield_pos": 5.66668276850811,
                    "yield_pos_incrad": 8.240961644052687,
                    "yield_pos_rho": 0.30321634236153283
                }
            },
            "0.525000": {
                "120": {
                    "RD_rho": -0.31787515112641535,
                    "RDerror_rho": 5.143681909678292,
                    "charge_neg": 88.57753342772372,
                    "charge_pos": 67.69451221419946,
                    "error": 0.4248238151477566,
                    "error_neg": 0.09084453386630365,
                    "error_pos": 0.17723230401406975,
                    "rungroup": 120,
                    "value": -0.20658995545062422,
                    "yield_neg": 0.2317070467418254,
                    "yield_neg_incrad": 0.370766967336838,
                    "yield_neg_rho": 0.03241644462529578,
                    "yield_pos": 1.1078254485705752,
                    "yield_pos_incrad": 0.5437401449369966,
                    "yield_pos_rho": 0.03241644462529578
                }
            },
            "0.625000": {
                "390": {
                    "RD_rho": -0.7308383635331743,
                    "RDerror_rho": null,
                    "charge_neg": 107.59684321649956,
                    "charge_pos": 55.80680044542787,
                    "error": 0.29861458174496697,
                    "error_neg": 0.002890547238332781,
                    "error_pos": 0.019793678147712712,
                    "rungroup": 390,
                    "value": -0.7308383635331743,
                    "yield_neg": -0.0032593670147762752,
                    "yield_neg_incrad": 0.005507675953113633,
                    "yield_neg_rho": 0.0,
                    "yield_pos": -0.039587356295425424,
                    "yield_pos_incrad": 0.005427234111810009,
                    "yield_pos_rho": 0.0
                }
            }
        },
        "0.575000": {
            "0.475000": {
                "130": {
                    "RD_rho": -0.5645818737299062,
                    "RDerror_rho": 10.852839870719317,
                    "charge_neg": 154.8329504730798,
                    "charge_pos": 64.49658786882863,
                    "error": 0.3831611221732095,
                    "error_neg": 0.06862154670861238,
                    "error_pos": 0.16827233082819978,
                    "rungroup": 130,
                    "value": -0.522222433986297,
                    "yield_neg": 0.104671454332722,
                    "yield_neg_incrad": 0.19723878517583351,
                    "yield_neg_rho": 0.008349097705799835,
                    "yield_pos": 0.7619111100539364,
                    "yield_pos_incrad": 0.2500595537651584,
                    "yield_pos_rho": 0.008349097705799835
                }
            }
        }
    },
    "4.750000": {
        "0.375000": {
            "0.325000": {
                "180": {
                    "RD_rho": 17.39336540176999,
                    "RDerror_rho": 1146.0739162952652,
                    "charge_neg": 227.57325653293276,
                    "charge_pos": 140.2854063954362,
                    "error": 13.64686156666427,
                    "error_neg": 0.15733297034617202,
                    "error_pos": 0.17474758762696635,
                    "rungroup": 180,
                    "value": 17.836280515693268,
                    "yield_neg": 2.189058658174571,
                    "yield_neg_incrad": 2.1132797982929135,
                    "yield_neg_rho": 0.026911085955602588,
                    "yield_pos": 2.5377037088284053,
                    "yield_pos_incrad": 3.606806947704226,