{
    "3.898000": {
        "0.575000": {
            "0.475000": {
                "charge_neg": 129.11947840714163,
                "charge_pos": 70.32830051675126,
                "error": 1.4089119532624712,
                "rungroup": 140,
                "value": 11.201907528600449,
                "yield_neg": 3.947619847722683,
                "yield_pos": 4.918194285810268
            }
        }
    },
    "3.979000": {
        "0.425000": {
            "0.475000": {
                "charge_neg": 165.48187656576215,
                "charge_pos": 88.7005339947838,
                "error": 0.5985410703012473,
                "rungroup": 350,
                "value": 10.483122560926287,
                "yield_neg": 3.9608659277463873,
                "yield_pos": 4.995653958632008
            }
        },
        "0.475000": {
            "0.325000": {
                "charge_neg": 165.48187656576215,
                "charge_pos": 88.7005339947838,
                "error": 1.0037422208393738,
                "rungroup": 350,
                "value": 58.264745132298565,
                "yield_neg": 4.8072445296560415,
                "yield_pos": 5.050588756595245
            }
        },
        "0.575000": {
            "0.475000": {
                "charge_neg": 162.59482668811484,
                "charge_pos": 71.8516859633468,
                "error": 1.3869173939589878,
                "rungroup": 340,
                "value": 12.407127392105957,
                "yield_neg": 4.981720006317704,
                "yield_pos": 6.096437542883571
            }
        }
    },
    "4.000000": {
        "0.525000": {
            "0.675000": {
                "charge_neg": 118.98549070981977,
                "charge_pos": 73.88859056334678,
                "error": 0.0,
                "rungroup": 400,
                "value": 0.6202441862820545,
                "yield_neg": -0.00046559996922398457,
                "yield_pos": -0.0013276921893338222
            }
        }
    },
    "4.750000": {
        "0.375000": {
            "0.325000": {
                "charge_neg": 223.70077790355347,
                "charge_pos": 136.66331222979176,
                "error": 0.5748686634129389,
                "rungroup": 180,
                "value": 10.715062408898431,
                "yield_neg": 2.579469742694794,
                "yield_pos": 3.2400218556913503
            }
        }
    },
    "4.764000": {
        "0.375000": {
            "0.675000": {
                "charge_neg": 182.41673771346058,
                "charge_pos": 115.7083715875722,
                "error": 0.0,
                "rungroup": 200,
                "value": -0.6783173937573054,
                "yield_neg": -0.0005141388730188032,
                "yield_pos": -0.005308978846096887
            }
        },
        "0.625000": {
            "0.425000": {
                "charge_neg": 253.96336277132863,
                "charge_pos": 205.5892347193417,
                "error": 1.5004542122548612,
                "rungroup": 220,
                "value": 12.373038602201227,
                "yield_neg": 2.6843693297319664,
                "yield_pos": 3.2865591707057553
            },
            "0.475000": {
                "charge_neg": 253.96336277132863,
                "charge_pos": 205.5892347193417,
                "error": 1.8768998862116164,
                "rungroup": 220,
                "value": 19.24142681221985,
                "yield_neg": 1.6753004591461018,
                "yield_pos": 1.9235982409212553
            },
            "0.575000": {
                "charge_neg": 303.0118582208997,
                "charge_pos": 153.26645594395245,
                "error": 2.1280018428068983,
                "rungroup": 210,
                "value": 6.233940162237553,
                "yield_neg": 0.9844301569541495,
                "yield_pos": 1.3926849122642841
            }
        }
    },
    "4.775000": {
        "0.525000": {
            "0.325000": {
                "charge_neg": 284.223042545983,
                "charge_pos": 201.11230644102926,
                "error": 0.9532647976147748,
                "rungroup": 260,
                "value": 12.266534947090568,
                "yield_neg": 2.9205320997834305,
                "yield_pos": 3.580960488529488
            }
        },
        "0.575000": {
            "0.325000": {
                "charge_neg": 284.223042545983,
                "charge_pos": 201.11230644102926,
                "error": 1.6596262549899814,
                "rungroup": 260,
                "value": 16.80167877989254,
                "yield_neg": 1.632508690235917,
                "yield_pos": 1.9076246571771716
            }
        },
        "0.625000": {
            "0.375000": {
                "charge_neg": 284.223042545983,
                "charge_pos": 201.11230644102926,
                "error": 1.9286827352539688,
                "rungroup": 260,
                "value": 13.406403444001075,
                "yield_neg": 1.77494140852894,
                "yield_pos": 2.14455650686246
            },
            "0.475000": {
                "charge_neg": 308.40952844407485,
                "charge_pos": 194.32835470656386,
                "error": 1.8971186409738954,
                "rungroup": 250,
                "value": 14.36045994876152,
                "yield_neg": 1.8270772859514366,
                "yield_pos": 2.1839176329292136
            }
        }
    },
    "5.000000": {
        "0.625000": {
            "0.475000": {
                "charge_neg": 286.2355112945215,
                "charge_pos": 161.9384059963242,
                "error": 2.129978302476395,
                "rungroup": 290,
                "value": 2.3837138885676743,
                "yield_neg": 0.5830940190148343,
                "yield_pos": 1.1000650498560305
            },
            "0.575000": {
                "charge_neg": 458.7710004075966,
                "charge_pos": 268.56065836313667,
                "error": 2.0209437076892405,
                "rungroup": 280,
                "value": 6.5826949523205736,
                "yield_neg": 0.7237254484050992,
                "yield_pos": 1.0100585211275936
            }
        }
    },
    "5.500000": {
        "0.475000": {
            "0.375000": {
                "charge_neg": 1074.897354036654,
                "charge_pos": 326.2179238679502,
                "error": 0.9497275146199793,
                "rungroup": 450,
                "value": 11.048257760166635,
                "yield_neg": 0.841346522374072,
                "yield_pos": 1.050840676414092
            }
        },
        "0.625000": {
            "0.425000": {
                "charge_neg": 1074.897354036654,
                "charge_pos": 326.2179238679502,
                "error": 0.903304094349795,
                "rungroup": 450,
                "value": 12.623013586690014,
                "yield_neg": 3.069379884831933,
                "yield_pos": 3.745305192833707
            },
            "0.475000": {
                "charge_neg": 383.1770472442156,
                "charge_pos": 169.7678043978645,
                "error": 2.08124812560147,
                "rungroup": 540,
                "value": -0.33126608764176796,
                "yield_neg": 0.02518663900675749,
                "yield_pos": 0.1381761489208233
            },
            "0.525000": {
                "charge_neg": 280.5015260324522,
                "charge_pos": 168.85108715438474,
                "error": 1.7822442438588189,
                "rungroup": 550,
                "value": 11.328161161856862,
                "yield_neg": 1.7908534299965595,
                "yield_pos": 2.2266491840796823
            },
            "0.575000": {
                "charge_neg": 421.0181476455104,
                "charge_pos": 260.458013159741,
                "error": 2.082055505037737,
                "rungroup": 470,