{
    "7ass_rho": {
        "Q2": [
            3.80473,
            4.56863,
            5.19412
        ],
        "xbj_ones": [
            0.287380373366407,
            0.33232579835871995,
            0.37451296992279337,
            0.41971691619588275,
            0.47028902435019015,
            0.518336010444791,
            0.5664829786821796
        ],
        "CSVs_ones": [
            0.06974624185270714,
            0.2489307595710569,
            0.24058227393701562,
            0.19711489133308782,
            0.15317563141712998,
            0.18400686658611848,
            -0.005417981163525264
        ],
        "CSVs_ones_errs": [
            0.068879307372247,
            0.03258287964349435,
            0.026055422715124572,
            0.02498280518655398,
            0.030281084942043606,
            0.052799279541499,
            0.07731653735697751
        ],
        "xbj_twos": [
            0.3449246917333375,
            0.3865518119414718,
            0.4314577820790003,
            0.4713432175483945,
            0.5196344361488945,
            0.5679643736097963,
            0.6135762386954314
        ],
        "CSVs_twos": [
            -0.2880338712525154,
            0.16411466502916278,
            0.19893181088122638,
            0.16262750068282322,
            0.1824961717834217,
            0.15500251297841197,
            0.014254088158824611
        ],
        "CSVs_twos_errs": [
            0.1517656860317429,
            0.0354527862246524,
            0.02086435863694277,
            0.017181985166353993,
            0.020222378817262365,
            0.033821522162592405,
            0.0794877382872785
        ],
        "xbj_threes": [
            0.39428367874956455,
            0.43232534813447315,
            0.48165422888678083,
            0.5215840359530687,
            0.568860282884755,
            0.6145293978127583
        ],
        "CSVs_threes": [
            -0.16057479602999744,
            0.11568841383418473,
            0.1211981725111643,
            0.15883085619435208,
            0.14958870067673355,
            0.1019411755754474
        ],
        "CSVs_threes_errs": [
            0.07660895037032604,
            0.027347661196770807,
            0.017038101275456838,
            0.0163189004238388,
            0.020244706310150056,
            0.0417028632906258
        ]
    },
    "7ass_rhoparam": {
        "1stQ2": 4.0,
        "1stDzparam": [
            0.273084085846703,
            1.2895529563698527,
            1.2140352500563458,
            -0.22138169548273756
        ],
        "2ndQ2": 4.75,
        "2ndDzparam": [
            0.26986494018749557,
            1.3010625271214133,
            1.7261954932821253,
            -0.2111298962921419
        ],
        "3rdQ2": 5.5,
        "3rdDzparam": [
            0.24718982458033725,
            1.5220946552251793,
            1.6525438867478839,
            -0.39842723669715696
        ]
    },
    "7ass_rhoall_param": {
        "Dzparam": [
            0.24868630950951584,
            1.296181738847339,
            1.944999729188231,
            -0.05849124293120209
        ]
    },
    "7ass_rhoall_": {
        "Q2": [
            3.80473,
            4.56863,
            5.19412
        ],
        "xbj_ones": [
            0.287380373366407,
            0.33232579835871995,
            0.37451296992279337,
            0.41971691619588275,
            0.47028902435019015,
            0.518336010444791,
            0.5664829786821796
        ],
        "CSVs_ones": [
            0.05844832093213286,
            0.23894238249988242,
            0.22667014574583863,
            0.18426740330339111,
            0.14148544386647033,
            0.17235112396586896,
            -0.015030733279314732
        ],
        "CSVs_ones_errs": [
            0.06850246693249729,
            0.03241155996356882,
            0.025847126077204036,
            0.024746682931484142,
            0.02994169400996589,
            0.052079484213076815,
            0.07581315335282186
        ],
        "xbj_twos": [
            0.3449246917333375,
            0.3865518119414718,
            0.4314577820790003,
            0.4713432175483945,
            0.5196344361488945,
            0.5679643736097963,
            0.6135762386954314
        ],
        "CSVs_twos": [
            -0.28956075731681186,
            0.14992626484465635,
            0.18805074431539623,
            0.15132473336663357,
            0.13681213619266877,
            0.0908079591491422,
            -0.019746886296331236
        ],
        "CSVs_twos_errs": [
            0.15149965902333837,
            0.03512947049865382,
            0.020688283894300292,
            0.016997727835692294,
            0.019074616373330886,
            0.030376268847317416,
            0.0717718248879774
        ],
        "xbj_threes": [
            0.39428367874956455,
            0.43232534813447315,
            0.48165422888678083,
            0.5215840359530687,
            0.568860282884755,
            0.6145293978127583
        ],
        "CSVs_threes": [
            -0.17249189644533844,
            0.10312230862460353,
            0.10234149471623702,
            0.09124537971025297,
            0.08699393165432164,
            0.05889125298193565
        ],
        "CSVs_threes_errs": [
            0.07579624684494478,
            0.02705394517380637,
            0.01669883183212435,
            0.014941073956590589,
            0.018166789240999435,
            0.03751465982202321
        ]
    },
    "7ass_param": {
        "1stQ2": 4.0,
        "1stDzparam": [
            0.35598148388003636,
            1.0643499934665956,
            1.7501892080991293,
            -0.2184273557244431
        ],
        "2ndQ2": 4.75,
        "2ndDzparam": [
            0.3488396950345398,
            1.0882655695056982,
            1.960474600693648,
            -0.23349562809244115
        ],
        "3rdQ2": 5.5,
        "3rdDzparam": [
            0.33025862521097277,
            1.4303210378512106,
            1.7051266843420896,
            -0.6263152049245866
        ]
    },
    "7ass_all_param": {
        "Dzparam": [
            0.32069015402387013,
            1.0674235609198812,
            2.3628394899233194,
            0.07935815870658004
        ]
    },
    "7ass_": {
        "Q2": [
            3.80473,
            4.56863,
            5.19412
        ],
        "xbj_ones": [
            0.287380373366407,
            0.33232579835871995,
            0.37451296992279337,
            0.41971691619588275,
            0.47028902435019015,
            0.518336010444791,
            0.5664829786821796
        ],
        "CSVs_ones": [
            -0.10677814300195157,
            0.07494964390599586,
            0.1066680239043634,
            0.09329622390603716,
            0.08005055005967555,
            0.1323812944118854,
            -0.02719569864225437
        ],
        "CSVs_ones_errs": [
            0.06275886691175797,
            0.029639198047282326,
            0.023933454838999675,
            0.0230461244157308,
            0.028168096552886948,
            0.04966583486245796,
            0.07396579733987932
        ],
        "xbj_twos": [
            0.3449246917333375,
            0.3865518119414718,
            0.4314577820790003,
            0.4713432175483945,
            0.5196344361488945,
            0.5679643736097963,
            0.6135762386954314
        ],
        "CSVs_twos": [
            -0.4170676628973995,
            0.0524493200514247,
            0.09604767512618552,
            0.0863956586630551,
            0.1512926260912766,
            0.16004189487398088,
            0.025404544268978556
        ],