{
    "7ass_rho": {
        "Q2": [
            3.80473,
            4.56863,
            5.19412
        ],
        "xbj_ones": [
            0.287380373366407,
            0.33232579835871995,
            0.37451296992279337,
            0.41971691619588275,
            0.47028902435019015,
            0.518336010444791,
            0.5664829786821796
        ],
        "CSVs_ones": [
            0.06974624185270714,
            0.2489307595710569,
            0.24058227393701562,
            0.19711489133308782,
            0.15317563141712998,
            0.18400686658611848,
            -0.005417981163525264
        ],
        "CSVs_ones_errs": [
            0.068879307372247,
            0.03258287964349435,
            0.026055422715124572,
            0.02498280518655398,
            0.030281084942043606,
            0.052799279541499,
            0.07731653735697751
        ],
        "xbj_twos": [
            0.3449246917333375,
            0.3865518119414718,
            0.4314577820790003,
            0.4713432175483945,
            0.5196344361488945,
            0.5679643736097963,
            0.6135762386954314
        ],
        "CSVs_twos": [
            -0.2880338712525154,
            0.16411466502916278,
            0.19893181088122638,
            0.16262750068282322,
            0.1824961717834217,
            0.15500251297841197,
            0.014254088158824611
        ],
        "CSVs_twos_errs": [
            0.1517656860317429,
            0.0354527862246524,
            0.02086435863694277,
            0.017181985166353993,
            0.020222378817262365,
            0.033821522162592405,
            0.0794877382872785
        ],
        "xbj_threes": [
            0.39428367874956455,
            0.43232534813447315,
            0.48165422888678083,
            0.5215840359530687,
            0.568860282884755,
            0.6145293978127583
        ],
        "CSVs_threes": [
            -0.16057479602999744,
            0.11568841383418473,
            0.1211981725111643,
            0.15883085619435208,
            0.14958870067673355,
            0.1019411755754474
        ],
        "CSVs_threes_errs": [
            0.07660895037032604,
            0.027347661196770807,
            0.017038101275456838,
            0.0163189004238388,
            0.020244706310150056,
            0.0417028632906258
        ]
    },
    "7ass_rhoparam": {
        "1stQ2": 4,
        "1stDzparam": [
            0.3031208526881611,
            1.0710711386850378,
            1.644707060451618,
            -0.18581604232446497
        ],
        "2ndQ2": 4.75,
        "2ndDzparam": [
            0.31707108668911155,
            1.0741123956514882,
            1.9614326390138583,
            -0.14080670147308622
        ],
        "3rdQ2": 5.5,
        "3rdDzparam": [
            0.10602386558369765,
            1.8548898422397575,
            1.9196263483578777,
            -1.04800789681721
        ]
    },
    "7ass_rhoall_param": {
        "Dzparam": [
            0.3031208526881611,
            1.0710711386850378,
            1.644707060451618,
            -0.18581604232446497
        ]
    },
    "7ass_rhoall_": {
        "Q2": [
            3.80473,
            4.56863,
            5.19412
        ],
        "xbj_ones": [
            0.28738913947382755,
            0.3323310127955505,
            0.3745140074104488,
            0.41971684517199864,
            0.4702761720110808,
            0.5183417611323882,
            0.5642893281974898
        ],
        "CSVs_ones": [
            -0.28823367578356895,
            -0.0263346660095943,
            0.06438343900105424,
            0.07738394718981433,
            0.059879447412417276,
            0.12463012816622838,
            -0.011890216368276422
        ],
        "CSVs_ones_errs": [
            0.06948612268971724,
            0.03293787632124518,
            0.026604875237051587,
            0.02528336786859209,
            0.030548790887722086,
            0.05340658054022113,
            0.0924953990312785
        ],
        "xbj_twos": [
            0.34493963377918263,
            0.386545913871635,
            0.43155141733986674,
            0.47133464256060464,
            0.5196342511090758,
            0.5679353576796398,
            0.6135762386954314
        ],
        "CSVs_twos": [
            -0.3544792573817112,
            -0.018053528504210655,
            0.054023817043628394,
            0.06616269287480997,
            0.08406049655722193,
            0.043936471056514,
            -0.04702460040024028
        ],
        "CSVs_twos_errs": [
            0.17429873774592383,
            0.03546923931546609,
            0.02090574592446443,
            0.017195266190186437,
            0.019370712434741616,
            0.03116367543494457,
            0.07211982145567733
        ],
        "xbj_threes": [
            0.3942902793929004,
            0.43232023953749643,
            0.4816551340566069,
            0.5215832508006568,
            0.5691045970543256,
            0.6146209445327905
        ],
        "CSVs_threes": [
            -0.25906614946237394,
            0.00983972492132658,
            0.028314835054952536,
            0.04549082990540474,
            0.048052432787947595,
            0.02489605114454559
        ],
        "CSVs_threes_errs": [
            0.07988049632006582,
            0.02825453375691503,
            0.01721677415103872,
            0.01555126302579445,
            0.018859820779786245,
            0.03895398466934464
        ]
    },
    "7ass_param": {
        "1stQ2": 4.0,
        "1stDzparam": [
            0.31455533856360873,
            1.07355601208692,
            1.7208308831519878,
            -0.2445951380750118
        ],
        "2ndQ2": 4.75,
        "2ndDzparam": [
            0.3302538408859423,
            1.067042968474786,
            2.0222770754654764,
            -0.19060368763561258
        ],
        "3rdQ2": 5.5,
        "3rdDzparam": [
            0.20115368320923255,
            1.6011753725394002,
            1.9171864901239564,
            -0.8654058889421589
        ]
    },
    "7ass_all_param": {
        "Dzparam": [
            0.280483961905735,
            1.074502794189891,
            2.5430034865648388,
            0.027703170033507755
        ]
    },
    "7ass_": {
        "Q2": [
            3.80473,
            4.56863,
            5.19412
        ],
        "xbj_ones": [
            0.287380373366407,
            0.33232579835871995,
            0.37451296992279337,
            0.41971691619588275,
            0.47028902435019015,
            0.518336010444791,
            0.5664829786821796
        ],
        "CSVs_ones": [
            -0.10677814300195157,
            0.07494964390599586,
            0.1066680239043634,
            0.09329622390603716,
            0.08005055005967555,
            0.1323812944118854,
            -0.02719569864225437
        ],
        "CSVs_ones_errs": [
            0.06275886691175797,
            0.029639198047282326,
            0.023933454838999675,
            0.0230461244157308,
            0.028168096552886948,
            0.04966583486245796,
            0.07396579733987932
        ],
        "xbj_twos": [
            0.3449246917333375,
            0.3865518119414718,
            0.4314577820790003,
            0.4713432175483945,
            0.5196344361488945,
            0.5679643736097963,
            0.6135762386954314
        ],
        "CSVs_twos": [
            -0.4170676628973995,
            0.0524493200514247,
            0.09604767512618552,
            0.0863956586630551,
            0.1512926260912766,
            0.16004189487398088,
            0.025404544268978556
        ],