{
    "3.898000": {
        "0.450000": {
            "0.375000": {
                "error": [
                    0.5981515518044648
                ],
                "value": [
                    5.711415700783754
                ]
            },
            "0.425000": {
                "error": [
                    0.6890842675556265,
                    0.6357066955294057
                ],
                "value": [
                    6.481647948462007,
                    3.571475418830853
                ]
            },
            "0.475000": {
                "error": [
                    0.8900583641782919,
                    0.41349611687142535
                ],
                "value": [
                    5.738906893929811,
                    3.8484978284356335
                ]
            },
            "0.525000": {
                "error": [
                    0.4075054574845568,
                    0.9208272633958147
                ],
                "value": [
                    3.747429189584939,
                    4.615174143771429
                ]
            },
            "0.575000": {
                "error": [
                    0.6763728487318214,
                    0.5302650041524589
                ],
                "value": [
                    4.408961883883777,
                    3.650976478936356
                ]
            }
        }
    },
    "3.979000": {
        "0.500000": {
            "0.375000": {
                "error": [
                    0.8596156184934738
                ],
                "value": [
                    7.524761523677669
                ]
            },
            "0.425000": {
                "error": [
                    0.6952829145792979,
                    0.756468254211085
                ],
                "value": [
                    6.4253164071282916,
                    4.310378404681166
                ]
            },
            "0.475000": {
                "error": [
                    0.7162688916303062
                ],
                "value": [
                    5.412228200590019
                ]
            },
            "0.525000": {
                "error": [
                    0.8207516697942412,
                    0.7148768608150561,
                    0.9652911043883764
                ],
                "value": [
                    1.902191260991651,
                    5.130374396747086,
                    4.280767130645582
                ]
            }
        }
    },
    "4.000000": {
        "0.350000": {
            "0.375000": {
                "error": [
                    0.5119145555992477
                ],
                "value": [
                    5.269615897915934
                ]
            },
            "0.425000": {
                "error": [
                    0.40780042169564995
                ],
                "value": [
                    4.714583361355654
                ]
            },
            "0.475000": {
                "error": [
                    0.7097335404271921,
                    0.5869564152270615
                ],
                "value": [
                    5.322753219359859,
                    5.0274107653267315
                ]
            },
            "0.525000": {
                "error": [
                    0.6576905520927672,
                    0.7454213632279832
                ],
                "value": [
                    5.274820335837371,
                    3.724830727260618
                ]
            },
            "0.575000": {
                "error": [
                    0.5599276944221286,
                    0.3805117317027959
                ],
                "value": [
                    3.821824157491942,
                    3.0572972969539705
                ]
            },
            "0.625000": {
                "error": [
                    0.45402518563332384,
                    0.5013831007579392
                ],
                "value": [
                    3.4091712924135393,
                    2.6072085718121523
                ]
            },
            "0.675000": {
                "error": [
                    0.3311300987921698,
                    0.3861951949746635
                ],
                "value": [
                    2.219751938875116,
                    2.5845925430549395
                ]
            },
            "0.725000": {
                "error": [
                    0.7970169031339276,
                    0.5024056561863547
                ],
                "value": [
                    3.0510379179493863,
                    2.993158025702164
                ]
            },
            "0.775000": {
                "error": [
                    0.6393240034660489
                ],
                "value": [
                    2.928941178481518
                ]
            }
        },
        "0.400000": {
            "0.475000": {
                "error": [
                    0.41348380513205035
                ],
                "value": [
                    4.045525536786335
                ]
            },
            "0.525000": {
                "error": [
                    0.5451056854829168
                ],
                "value": [
                    4.8822792496150615
                ]
            },
            "0.575000": {
                "error": [
                    0.5588030893153999,
                    0.5006061596848858
                ],
                "value": [
                    4.010334139182122,
                    3.569619040952935
                ]
            },
            "0.625000": {
                "error": [
                    0.48296233880619777
                ],
                "value": [
                    3.13834737370835
                ]
            },
            "0.675000": {
                "error": [
                    0.6546902701798974
                ],
                "value": [
                    3.5254504832727194
                ]
            },
            "0.725000": {
                "error": [
                    0.8906896054193948,
                    0.9425026495582144
                ],
                "value": [
                    2.5829362579213857,
                    3.956385725437535
                ]
            }
        }
    },
    "4.750000": {
        "0.450000": {
            "0.375000": {
                "error": [
                    0.4218118291785456
                ],
                "value": [
                    4.8648472023183835
                ]
            },
            "0.425000": {
                "error": [
                    0.41052269856196966,
                    0.7842791348751281
                ],
                "value": [
                    4.794099026886121,
                    4.224825826480469
                ]
            },
            "0.475000": {
                "error": [
                    0.6022308172124776,
                    0.42398050935695586
                ],
                "value": [
                    4.596002153794881,
                    4.42993293028757
                ]
            },
            "0.525000": {
                "error": [
                    0.32651027519101583,
                    0.6215984883069288
                ],
                "value": [
                    3.5456360536619407,
                    3.2424692782002174
                ]
            },
            "0.575000": {
                "error": [
                    0.38646695425013855,
                    0.49207146321975354
                ],
                "value": [
                    3.1674087947311924,
                    3.6685448442448707
                ]
            },