{
    "3.898000": {
        "0.450000": {
            "0.375000": {
                "error_ratio": 0.4177295569174216,
                "value_ratio": 4.999106685960662
            },
            "0.425000": {
                "error_ratio": 0.2938312289225913,
                "value_ratio": 4.329417892853695
            },
            "0.475000": {
                "error_ratio": 0.25677279693236016,
                "value_ratio": 3.8921899732964502
            },
            "0.525000": {
                "error_ratio": 0.21833465786368048,
                "value_ratio": 3.4395370981765354
            },
            "0.575000": {
                "error_ratio": 0.3398472921614272,
                "value_ratio": 4.2239472350013125
            },
            "0.625000": {
                "error_ratio": 0.404986410774863,
                "value_ratio": 3.3660701143065017
            }
        }
    },
    "3.979000": {
        "0.500000": {
            "0.375000": {
                "error_ratio": 0.4744961569265381,
                "value_ratio": 5.792307185372384
            },
            "0.425000": {
                "error_ratio": 0.3690934037498595,
                "value_ratio": 5.363432839872591
            },
            "0.475000": {
                "error_ratio": 0.3652313691873921,
                "value_ratio": 4.695385544737028
            },
            "0.525000": {
                "error_ratio": 0.3538086432908622,
                "value_ratio": 4.447132640696475
            },
            "0.575000": {
                "error_ratio": 0.560859242674679,
                "value_ratio": 4.502588602495949
            },
            "0.625000": {
                "error_ratio": 0.7842754731461513,
                "value_ratio": 4.17720244361498
            }
        }
    },
    "4.000000": {
        "0.350000": {
            "0.375000": {
                "error_ratio": 0.48873730602244714,
                "value_ratio": 5.549742840128088
            },
            "0.425000": {
                "error_ratio": 0.31736233668398917,
                "value_ratio": 4.457000484261708
            },
            "0.475000": {
                "error_ratio": 0.32730080609142403,
                "value_ratio": 4.724212295445758
            },
            "0.525000": {
                "error_ratio": 0.32719674042872277,
                "value_ratio": 4.150306510294938
            },
            "0.575000": {
                "error_ratio": 0.23629617670505357,
                "value_ratio": 3.58429567584717
            },
            "0.625000": {
                "error_ratio": 0.1802815219821967,
                "value_ratio": 2.8352423172446453
            },
            "0.675000": {
                "error_ratio": 0.13091762381383765,
                "value_ratio": 2.2297228623873218
            },
            "0.725000": {
                "error_ratio": 0.18165202534795968,
                "value_ratio": 2.3178734490492943
            },
            "0.775000": {
                "error_ratio": 0.2945947918802284,
                "value_ratio": 1.6362276990142128
            }
        },
        "0.400000": {
            "0.475000": {
                "error_ratio": 0.33734600480292815,
                "value_ratio": 4.2022970302416685
            },
            "0.525000": {
                "error_ratio": 0.3681597424514568,
                "value_ratio": 5.098560242826236
            },
            "0.575000": {
                "error_ratio": 0.27886800978188886,
                "value_ratio": 4.094069336626122
            },
            "0.625000": {
                "error_ratio": 0.19683715933466434,
                "value_ratio": 2.828865048072512
            },
            "0.675000": {
                "error_ratio": 0.22964361550755683,
                "value_ratio": 2.9442689651457865
            },
            "0.725000": {
                "error_ratio": 0.4718484040926619,
                "value_ratio": 2.7242585740842817
            }
        }
    },
    "4.750000": {
        "0.450000": {
            "0.375000": {
                "error_ratio": 0.3451808887669944,
                "value_ratio": 4.622505561630772
            },
            "0.425000": {
                "error_ratio": 0.297819319093148,
                "value_ratio": 4.690523603226656
            },
            "0.475000": {
                "error_ratio": 0.26404084002608463,
                "value_ratio": 4.360858753390779
            },
            "0.525000": {
                "error_ratio": 0.22806664883767888,
                "value_ratio": 3.7092382095621668
            },
            "0.575000": {
                "error_ratio": 0.22203256425730417,
                "value_ratio": 3.528641758602247
            },
            "0.625000": {
                "error_ratio": 0.22193514831289524,
                "value_ratio": 3.2321104329875863
            },
            "0.675000": {
                "error_ratio": 0.2732948592383908,
                "value_ratio": 3.3020552577732865
            },
            "0.725000": {
                "error_ratio": 0.44810634896113677,
                "value_ratio": 2.19169606303093
            }
        }
    },
    "4.764000": {
        "0.550000": {
            "0.375000": {
                "error_ratio": 0.5357520864168713,
                "value_ratio": 6.123579113122844
            },
            "0.425000": {
                "error_ratio": 0.4138496019910444,
                "value_ratio": 5.48999745179953
            },
            "0.475000": {
                "error_ratio": 0.31493742952779186,
                "value_ratio": 4.188525087670194
            },
            "0.525000": {
                "error_ratio": 0.310632624950777,
                "value_ratio": 3.97572297684918
            },
            "0.575000": {
                "error_ratio": 0.40971538054564016,
                "value_ratio": 3.5229150870526516
            },
            "0.625000": {
                "error_ratio": 0.8802368003063059,
                "value_ratio": 3.7552164419514003
            }
        }
    },
    "4.775000": {
        "0.600000": {
            "0.375000": {
                "error_ratio": 0.6954987578731086,
                "value_ratio": 6.847404429117189
            },
            "0.425000": {
                "error_ratio": 0.4116249241990518,
                "value_ratio": 5.085211564326408
            },
            "0.475000": {
                "error_ratio": 0.35975617890585715,
                "value_ratio": 3.6045541148251377
            },
            "0.525000": {
                "error_ratio": 0.5072145255551118,
                "value_ratio": 4.876361628235837
            },
            "0.575000": {
                "error_ratio": 0.6180160777029777,
                "value_ratio": 3.6723293134995894
            }
        }
    },
    "5.000000": {
        "0.500000": {
            "0.375000": {
                "error_ratio": 0.3586121867645661,
                "value_ratio": 4.69458946729833
            },
            "0.425000": {
                "error_ratio": 0.34408569826096785,
                "value_ratio": 5.201698534871822
            },
            "0.475000": {
                "error_ratio": 0.2814727905128072,
                "value_ratio": 4.251970746786267
            },
            "0.525000": {
                "error_ratio": 0.20937970522634747,
                "value_ratio": 3.6114782472881193
            },
            "0.575000": {
                "error_ratio": 0.20477604185039705,
                "value_ratio": 3.585069780387544
            },
            "0.625000": {
                "error_ratio": 0.18914733979071324,
                "value_ratio": 2.938432709038457
            },
            "0.675000": {
                "error_ratio": 0.2344108449596071,
                "value_ratio": 2.1433666739275883
            }
        }
    },