{
    "4.000000": {
        "0.275000": {
            "0.375000": {
                "error_ratio": 0.21240695173060892,
                "value_ratio": 4.428940962814101
            },
            "0.425000": {
                "error_ratio": 0.205971370673767,
                "value_ratio": 5.269350204038875
            },
            "0.475000": {
                "error_ratio": 0.21270440928153417,
                "value_ratio": 4.61893984999669
            },
            "0.525000": {
                "error_ratio": 0.1782768347741109,
                "value_ratio": 4.996839690151617
            },
            "0.575000": {
                "error_ratio": 0.1906719675330334,
                "value_ratio": 3.357892444316256
            },
            "0.625000": {
                "error_ratio": 0.16047538534436318,
                "value_ratio": 3.682824377675884
            },
            "0.675000": {
                "error_ratio": 0.14998212600763378,
                "value_ratio": 2.056575115097599
            },
            "0.725000": {
                "error_ratio": 0.21291230575280057,
                "value_ratio": 2.1445944021241083
            },
            "0.775000": {
                "error_ratio": 0.24427351069922945,
                "value_ratio": 1.4636216165628133
            }
        },
        "0.325000": {
            "0.325000": {
                "error_ratio": 0.5195009661277703,
                "value_ratio": 3.4166142927829273
            },
            "0.375000": {
                "error_ratio": 0.15959035537380387,
                "value_ratio": 6.169911117653147
            },
            "0.425000": {
                "error_ratio": 0.10058615633978421,
                "value_ratio": 4.308127418436326
            },
            "0.475000": {
                "error_ratio": 0.10704512744019822,
                "value_ratio": 5.29549472745704
            },
            "0.525000": {
                "error_ratio": 0.0964114636190067,
                "value_ratio": 4.251331930162507
            },
            "0.575000": {
                "error_ratio": 0.09859912351086153,
                "value_ratio": 4.130966063539977
            },
            "0.625000": {
                "error_ratio": 0.08908263032828884,
                "value_ratio": 3.049850624888826
            },
            "0.675000": {
                "error_ratio": 0.08516686875865848,
                "value_ratio": 2.4951504203620516
            },
            "0.725000": {
                "error_ratio": 0.11057677870833804,
                "value_ratio": 2.4535746651849317
            },
            "0.775000": {
                "error_ratio": 0.24881611707751103,
                "value_ratio": 1.695632129218564
            }
        },
        "0.375000": {
            "0.325000": {
                "error_ratio": 0.3088265775615801,
                "value_ratio": 5.347556430490164
            },
            "0.375000": {
                "error_ratio": 0.1260815106071486,
                "value_ratio": 4.80794727237009
            },
            "0.425000": {
                "error_ratio": 0.10564854614856899,
                "value_ratio": 4.681750511138829
            },
            "0.475000": {
                "error_ratio": 0.09452790610731977,
                "value_ratio": 3.9482125164289417
            },
            "0.525000": {
                "error_ratio": 0.0940257315939428,
                "value_ratio": 4.921171152871453
            },
            "0.575000": {
                "error_ratio": 0.09435184956891367,
                "value_ratio": 4.345028623707295
            },
            "0.625000": {
                "error_ratio": 0.08916382645478985,
                "value_ratio": 3.463181144291376
            },
            "0.675000": {
                "error_ratio": 0.0996024800808541,
                "value_ratio": 3.029192357595076
            },
            "0.725000": {
                "error_ratio": 0.1771311145790259,
                "value_ratio": 3.0966330972585663
            }
        },
        "0.425000": {
            "0.325000": {
                "error_ratio": 0.4209785720232967,
                "value_ratio": 7.151552746316507
            },
            "0.375000": {
                "error_ratio": 0.1583744197622588,
                "value_ratio": 5.040123541790805
            },
            "0.425000": {
                "error_ratio": 0.13025258818885552,
                "value_ratio": 4.959121942184773
            },
            "0.475000": {
                "error_ratio": 0.12082870560907776,
                "value_ratio": 4.323315621993324
            },
            "0.525000": {
                "error_ratio": 0.11394586689076516,
                "value_ratio": 3.8437946298211463
            },
            "0.575000": {
                "error_ratio": 0.11808769671458218,
                "value_ratio": 3.845885280573149
            },
            "0.625000": {
                "error_ratio": 0.14475681240716853,
                "value_ratio": 3.2861975854596017
            },
            "0.675000": {
                "error_ratio": 0.22183848571555662,
                "value_ratio": 2.668987199381916
            },
            "0.725000": {
                "error_ratio": 0.5178797271557445,
                "value_ratio": 1.0332141119156568
            }
        },
        "0.475000": {
            "0.375000": {
                "error_ratio": 0.248480011435051,
                "value_ratio": 5.5150790110731664
            },
            "0.425000": {
                "error_ratio": 0.19806900455310988,
                "value_ratio": 5.427383820770634
            },
            "0.475000": {
                "error_ratio": 0.17766824914155252,
                "value_ratio": 3.9668198093696208
            },
            "0.525000": {
                "error_ratio": 0.1865881444849935,
                "value_ratio": 4.489961334920502
            },
            "0.575000": {
                "error_ratio": 0.24342062879024737,
                "value_ratio": 4.110182055630668
            },
            "0.625000": {
                "error_ratio": 0.6572580839711893,
                "value_ratio": 1.9689131919225957
            }
        },
        "0.525000": {
            "0.375000": {
                "error_ratio": 0.46513903785338195,
                "value_ratio": 7.062508562143061
            },
            "0.425000": {
                "error_ratio": 0.3555699896558565,
                "value_ratio": 6.9391328870972595
            },
            "0.475000": {
                "error_ratio": 0.3613531867476738,
                "value_ratio": 5.58313722553114
            },
            "0.525000": {
                "error_ratio": 0.6900372989324992,
                "value_ratio": 3.9112363432839268
            }
        },
        "0.575000": {
            "0.375000": {
                "error_ratio": 1.235398750677736,
                "value_ratio": 7.232743696177323
            },
            "0.425000": {
                "error_ratio": 0.8420364137941893,
                "value_ratio": 4.520590404358676
            }
        }
    },
    "4.750000": {
        "0.325000": {
            "0.425000": {
                "error_ratio": 0.580530380913268,
                "value_ratio": 2.1241537110716173
            },
            "0.475000": {
                "error_ratio": 0.5487468153464318,
                "value_ratio": 2.7297523702550848
            },
            "0.525000": {
                "error_ratio": 0.5575604301931745,
                "value_ratio": 2.4404360778017997
            },
            "0.675000": {
                "error_ratio": 0.6139264061516577,
                "value_ratio": 1.1109269023857882
            },
            "0.725000": {
                "error_ratio": 0.5368601920463006,
                "value_ratio": 0.5717763635887201
            }
        },