{
    "4.000000": {
        "0.275000": {
            "0.375000": {
                "error_ratio": 1.000855260340738,
                "value_ratio": 4.830664432782709
            },
            "0.425000": {
                "error_ratio": 1.0850054645682352,
                "value_ratio": 5.38729958414542
            },
            "0.475000": {
                "error_ratio": 0.7734025174796599,
                "value_ratio": 2.869842237340621
            },
            "0.525000": {
                "error_ratio": 0.54249716285432,
                "value_ratio": 2.1647844043768143
            },
            "0.575000": {
                "error_ratio": 0.5188080413746239,
                "value_ratio": 2.96369232265342
            },
            "0.625000": {
                "error_ratio": 0.5315053816586434,
                "value_ratio": 3.578308014994177
            },
            "0.675000": {
                "error_ratio": 0.3338324776531701,
                "value_ratio": 2.0032282390708764
            },
            "0.725000": {
                "error_ratio": 0.44297299405169116,
                "value_ratio": 2.0232799209864774
            },
            "0.775000": {
                "error_ratio": 0.4934718833109611,
                "value_ratio": 1.798249075629759
            }
        },
        "0.325000": {
            "0.325000": {
                "error_ratio": 1.8566739616950008,
                "value_ratio": 4.126811778848821
            },
            "0.375000": {
                "error_ratio": 0.7928958933771258,
                "value_ratio": 5.925198293200952
            },
            "0.425000": {
                "error_ratio": 0.36999490986046285,
                "value_ratio": 4.210606290496958
            },
            "0.475000": {
                "error_ratio": 0.423985661254457,
                "value_ratio": 4.861196105127034
            },
            "0.525000": {
                "error_ratio": 0.3557830349175645,
                "value_ratio": 4.288116596346993
            },
            "0.575000": {
                "error_ratio": 0.30635575327194614,
                "value_ratio": 3.7634492997847255
            },
            "0.625000": {
                "error_ratio": 0.21492726425479403,
                "value_ratio": 2.7008609850911243
            },
            "0.675000": {
                "error_ratio": 0.17173810282244517,
                "value_ratio": 2.284771019882066
            },
            "0.725000": {
                "error_ratio": 0.21887221123980397,
                "value_ratio": 2.109620104160828
            },
            "0.775000": {
                "error_ratio": 0.4834126397718336,
                "value_ratio": 1.981569630909217
            }
        },
        "0.375000": {
            "0.325000": {
                "error_ratio": 0.974619321231307,
                "value_ratio": 4.414333584747602
            },
            "0.375000": {
                "error_ratio": 0.3956282333935961,
                "value_ratio": 4.333112893688591
            },
            "0.425000": {
                "error_ratio": 0.33622195589762277,
                "value_ratio": 4.285229708245147
            },
            "0.475000": {
                "error_ratio": 0.27873709695442106,
                "value_ratio": 4.061193262638746
            },
            "0.525000": {
                "error_ratio": 0.3009782772545724,
                "value_ratio": 4.293007202255153
            },
            "0.575000": {
                "error_ratio": 0.27860376024737205,
                "value_ratio": 3.961244099448404
            },
            "0.625000": {
                "error_ratio": 0.18855600788531665,
                "value_ratio": 2.7928109996502752
            },
            "0.675000": {
                "error_ratio": 0.19346914549163444,
                "value_ratio": 2.6045079149368795
            },
            "0.725000": {
                "error_ratio": 0.3402217654012955,
                "value_ratio": 2.5878159276347024
            }
        },
        "0.425000": {
            "0.325000": {
                "error_ratio": 1.7320916554354535,
                "value_ratio": 5.7615102235015545
            },
            "0.375000": {
                "error_ratio": 0.44504270674779856,
                "value_ratio": 4.463101351262116
            },
            "0.425000": {
                "error_ratio": 0.410219694987557,
                "value_ratio": 4.8487010453513815
            },
            "0.475000": {
                "error_ratio": 0.2837195892734431,
                "value_ratio": 3.9114506746653617
            },
            "0.525000": {
                "error_ratio": 0.27176234818097306,
                "value_ratio": 3.837783610139936
            },
            "0.575000": {
                "error_ratio": 0.2723358209910897,
                "value_ratio": 3.6974671340483836
            },
            "0.625000": {
                "error_ratio": 0.26174108107627025,
                "value_ratio": 2.7814541711520135
            },
            "0.675000": {
                "error_ratio": 0.32894463166244825,
                "value_ratio": 2.3488196493969644
            },
            "0.725000": {
                "error_ratio": 0.5223216200073385,
                "value_ratio": 1.0873002255130029
            }
        },
        "0.475000": {
            "0.375000": {
                "error_ratio": 0.7130829782186752,
                "value_ratio": 5.561454485780672
            },
            "0.425000": {
                "error_ratio": 0.5052144543926429,
                "value_ratio": 4.90738787742322
            },
            "0.475000": {
                "error_ratio": 0.31773127971890047,
                "value_ratio": 3.484669489629301
            },
            "0.525000": {
                "error_ratio": 0.3591962906361558,
                "value_ratio": 3.558223336327276
            },
            "0.575000": {
                "error_ratio": 0.5148403478714859,
                "value_ratio": 4.144591202511049
            },
            "0.625000": {
                "error_ratio": 0.9054006796306688,
                "value_ratio": 2.480795831309418
            }
        },
        "0.525000": {
            "0.375000": {
                "error_ratio": 1.7287408507175548,
                "value_ratio": 5.140313474161217
            },
            "0.425000": {
                "error_ratio": 0.6939958287111262,
                "value_ratio": 4.6106733857302995
            },
            "0.475000": {
                "error_ratio": 0.9496319384741779,
                "value_ratio": 4.942010720393418
            },
            "0.525000": {
                "error_ratio": 1.014128851661602,
                "value_ratio": 3.374440762494168
            }
        },
        "0.575000": {
            "0.425000": {
                "error_ratio": 1.0225102203724925,
                "value_ratio": 2.5754961717133673
            }
        }
    },
    "4.750000": {
        "0.325000": {
            "0.525000": {
                "error_ratio": 1.6587104349848347,
                "value_ratio": 3.213394740595879
            },
            "0.675000": {
                "error_ratio": 0.8704748287281178,
                "value_ratio": 1.116215487137417
            },
            "0.725000": {
                "error_ratio": 0.4993022349217186,
                "value_ratio": 0.40320792146993617
            }
        },
        "0.375000": {
            "0.375000": {
                "error_ratio": 0.5307708148645065,
                "value_ratio": 4.465917029791886
            },
            "0.425000": {
                "error_ratio": 0.4035812907766791,
                "value_ratio": 3.7753085954830725
            },
            "0.475000": {
                "error_ratio": 0.37628578361138193,
                "value_ratio": 3.332170197844814
            },