{
    "3.898000": {
        "0.450000": {
            "0.375000": {
                "error_ratio": 0.510791131616641,
                "value_ratio": 5.81986240060303
            },
            "0.425000": {
                "error_ratio": 0.358919254326488,
                "value_ratio": 5.0095122596139925
            },
            "0.475000": {
                "error_ratio": 0.267489883977325,
                "value_ratio": 4.013891743746286
            },
            "0.525000": {
                "error_ratio": 0.2426180181754159,
                "value_ratio": 3.719267012790964
            },
            "0.575000": {
                "error_ratio": 0.3887286350887417,
                "value_ratio": 4.648692393426096
            },
            "0.625000": {
                "error_ratio": 0.3971702499855902,
                "value_ratio": 3.786967610014301
            }
        }
    },
    "3.979000": {
        "0.500000": {
            "0.375000": {
                "error_ratio": 0.5468555264021332,
                "value_ratio": 6.336359482443648
            },
            "0.425000": {
                "error_ratio": 0.3867593302545383,
                "value_ratio": 5.4888228110606665
            },
            "0.475000": {
                "error_ratio": 0.4477574031059842,
                "value_ratio": 4.802563431362856
            },
            "0.525000": {
                "error_ratio": 0.3738198109025645,
                "value_ratio": 4.598638489433802
            },
            "0.575000": {
                "error_ratio": 0.6589134491082957,
                "value_ratio": 5.0404081879465465
            },
            "0.625000": {
                "error_ratio": 0.9521828826526846,
                "value_ratio": 4.766249191890564
            }
        }
    },
    "4.000000": {
        "0.350000": {
            "0.375000": {
                "error_ratio": 0.5028745040621363,
                "value_ratio": 5.62806612043917
            },
            "0.425000": {
                "error_ratio": 0.3306254435587428,
                "value_ratio": 4.562550563490342
            },
            "0.475000": {
                "error_ratio": 0.3414135397035453,
                "value_ratio": 4.864796272434854
            },
            "0.525000": {
                "error_ratio": 0.351664606030386,
                "value_ratio": 4.379584824778707
            },
            "0.575000": {
                "error_ratio": 0.23802477868985125,
                "value_ratio": 3.613665256987689
            },
            "0.625000": {
                "error_ratio": 0.18114468228646474,
                "value_ratio": 2.8704328225219657
            },
            "0.675000": {
                "error_ratio": 0.13556631228906024,
                "value_ratio": 2.33213233665846
            },
            "0.725000": {
                "error_ratio": 0.18407589668724558,
                "value_ratio": 2.3372922430248506
            },
            "0.775000": {
                "error_ratio": 0.35639482993356353,
                "value_ratio": 2.0069407507792696
            }
        },
        "0.400000": {
            "0.475000": {
                "error_ratio": 0.35408046687461114,
                "value_ratio": 4.359175792362184
            },
            "0.525000": {
                "error_ratio": 0.385655900904296,
                "value_ratio": 5.284488392921895
            },
            "0.575000": {
                "error_ratio": 0.28414303174324296,
                "value_ratio": 4.175728093046612
            },
            "0.625000": {
                "error_ratio": 0.2146795820958851,
                "value_ratio": 3.064478453405098
            },
            "0.675000": {
                "error_ratio": 0.23034260256227468,
                "value_ratio": 2.9817608830897404
            },
            "0.725000": {
                "error_ratio": 0.42643470852738113,
                "value_ratio": 2.018717045134666
            }
        }
    },
    "4.750000": {
        "0.450000": {
            "0.375000": {
                "error_ratio": 0.3658116713810628,
                "value_ratio": 4.802644959816756
            },
            "0.425000": {
                "error_ratio": 0.30310247335713414,
                "value_ratio": 4.726384296275525
            },
            "0.475000": {
                "error_ratio": 0.28514083394350836,
                "value_ratio": 4.608866182812293
            },
            "0.525000": {
                "error_ratio": 0.2610712997972866,
                "value_ratio": 4.068464596950271
            },
            "0.575000": {
                "error_ratio": 0.24662963415132572,
                "value_ratio": 3.8460999942505945
            },
            "0.625000": {
                "error_ratio": 0.21184991078459992,
                "value_ratio": 3.1183409480512756
            },
            "0.675000": {
                "error_ratio": 0.244118087364011,
                "value_ratio": 2.990558676517312
            },
            "0.725000": {
                "error_ratio": 0.44514190681877475,
                "value_ratio": 2.220586825970076
            }
        }
    },
    "4.764000": {
        "0.550000": {
            "0.375000": {
                "error_ratio": 0.6033627464423952,
                "value_ratio": 6.5906162558248305
            },
            "0.425000": {
                "error_ratio": 0.46252081040964965,
                "value_ratio": 5.877221055445641
            },
            "0.475000": {
                "error_ratio": 0.368693990161062,
                "value_ratio": 4.310939036399512
            },
            "0.525000": {
                "error_ratio": 0.3879913483776378,
                "value_ratio": 4.598328873182441
            },
            "0.575000": {
                "error_ratio": 0.42093189670338843,
                "value_ratio": 3.5766760063092344
            },
            "0.625000": {
                "error_ratio": 0.826883792985506,
                "value_ratio": 3.535234697898855
            }
        }
    },
    "4.775000": {
        "0.600000": {
            "0.375000": {
                "error_ratio": 0.7183226627281343,
                "value_ratio": 6.966285538364113
            },
            "0.425000": {
                "error_ratio": 0.4511844838763794,
                "value_ratio": 5.354010909987275
            },
            "0.475000": {
                "error_ratio": 0.40855872365951057,
                "value_ratio": 3.9083659036444316
            },
            "0.525000": {
                "error_ratio": 0.5498524282708304,
                "value_ratio": 5.0769535300288915
            },
            "0.575000": {
                "error_ratio": 0.9431903872140024,
                "value_ratio": 4.269278988797953
            }
        }
    },
    "5.000000": {
        "0.500000": {
            "0.375000": {
                "error_ratio": 0.3928406368962849,
                "value_ratio": 4.978258559080287
            },
            "0.425000": {
                "error_ratio": 0.390363717648114,
                "value_ratio": 5.635832878331633
            },
            "0.475000": {
                "error_ratio": 0.28234653449756547,
                "value_ratio": 4.228556938382588
            },
            "0.525000": {
                "error_ratio": 0.2254854309728868,
                "value_ratio": 3.797391954594378
            },
            "0.575000": {
                "error_ratio": 0.21645022637621764,
                "value_ratio": 3.782078594258082
            },
            "0.625000": {
                "error_ratio": 0.20037017972385496,
                "value_ratio": 3.000057574974522
            },
            "0.675000": {
                "error_ratio": 0.24305738922471481,
                "value_ratio": 2.2115529243782817
            }
        }
    },