{
    "4.000000": {
        "0.275000": {
            "0.375000": {
                "error_ratio": 1.0240789892066455,
                "value_ratio": 4.906559258931412
            },
            "0.425000": {
                "error_ratio": 1.1246776658978968,
                "value_ratio": 5.523468346686559
            },
            "0.475000": {
                "error_ratio": 0.7797706891279224,
                "value_ratio": 2.83213877711964
            },
            "0.525000": {
                "error_ratio": 0.542762069449484,
                "value_ratio": 2.518230744575202
            },
            "0.575000": {
                "error_ratio": 0.541668513274653,
                "value_ratio": 3.069224866344453
            },
            "0.625000": {
                "error_ratio": 0.5553960689721186,
                "value_ratio": 3.704786561280038
            },
            "0.675000": {
                "error_ratio": 0.3426561064011835,
                "value_ratio": 2.047356136352166
            },
            "0.725000": {
                "error_ratio": 0.45382476671766275,
                "value_ratio": 2.076988366439425
            },
            "0.775000": {
                "error_ratio": 0.5163094464171026,
                "value_ratio": 1.8866089326007172
            }
        },
        "0.325000": {
            "0.325000": {
                "error_ratio": 2.488920371369229,
                "value_ratio": 5.219530847274809
            },
            "0.375000": {
                "error_ratio": 0.8150645197930124,
                "value_ratio": 6.035128398575636
            },
            "0.425000": {
                "error_ratio": 0.3816957719627532,
                "value_ratio": 4.435969174265826
            },
            "0.475000": {
                "error_ratio": 0.4385631358489972,
                "value_ratio": 4.980919224244405
            },
            "0.525000": {
                "error_ratio": 0.3656257370408071,
                "value_ratio": 4.460921705396066
            },
            "0.575000": {
                "error_ratio": 0.3166414026109647,
                "value_ratio": 3.904002756893932
            },
            "0.625000": {
                "error_ratio": 0.21981172243499658,
                "value_ratio": 2.7424042762618366
            },
            "0.675000": {
                "error_ratio": 0.17608331821071102,
                "value_ratio": 2.3545679682894534
            },
            "0.725000": {
                "error_ratio": 0.22394863389765648,
                "value_ratio": 2.158156127725337
            },
            "0.775000": {
                "error_ratio": 0.4902310301525384,
                "value_ratio": 2.0131127010989722
            }
        },
        "0.375000": {
            "0.325000": {
                "error_ratio": 1.1443807437204194,
                "value_ratio": 5.1168823998538935
            },
            "0.375000": {
                "error_ratio": 0.4731294104382163,
                "value_ratio": 5.126119152335357
            },
            "0.425000": {
                "error_ratio": 0.3526057325365083,
                "value_ratio": 4.434005866948595
            },
            "0.475000": {
                "error_ratio": 0.2904107150850104,
                "value_ratio": 4.197903463268061
            },
            "0.525000": {
                "error_ratio": 0.31469064312333195,
                "value_ratio": 4.4435822916754235
            },
            "0.575000": {
                "error_ratio": 0.28648475002381424,
                "value_ratio": 4.110203863017296
            },
            "0.625000": {
                "error_ratio": 0.1927353740077821,
                "value_ratio": 2.8589004322764446
            },
            "0.675000": {
                "error_ratio": 0.1977508056105119,
                "value_ratio": 2.706249800351256
            },
            "0.725000": {
                "error_ratio": 0.3478501724011137,
                "value_ratio": 2.6438141605976004
            }
        },
        "0.425000": {
            "0.325000": {
                "error_ratio": 1.6148627082965301,
                "value_ratio": 6.2534923533869655
            },
            "0.375000": {
                "error_ratio": 0.48951613368158653,
                "value_ratio": 4.783058289209291
            },
            "0.425000": {
                "error_ratio": 0.43641400832140287,
                "value_ratio": 5.122600229600683
            },
            "0.475000": {
                "error_ratio": 0.2967008592148288,
                "value_ratio": 4.039182372918253
            },
            "0.525000": {
                "error_ratio": 0.2804361358070954,
                "value_ratio": 3.99730181893712
            },
            "0.575000": {
                "error_ratio": 0.27807499068296143,
                "value_ratio": 3.8204835759428337
            },
            "0.625000": {
                "error_ratio": 0.26517135148311843,
                "value_ratio": 2.884878944648213
            },
            "0.675000": {
                "error_ratio": 0.33356047337295514,
                "value_ratio": 2.369134443817778
            },
            "0.725000": {
                "error_ratio": 0.5240932293425721,
                "value_ratio": 1.0746304165696536
            }
        },
        "0.475000": {
            "0.375000": {
                "error_ratio": 0.771028670620693,
                "value_ratio": 5.841937357461462
            },
            "0.425000": {
                "error_ratio": 0.5336907646293999,
                "value_ratio": 5.11237134949146
            },
            "0.475000": {
                "error_ratio": 0.3304439906890118,
                "value_ratio": 3.585520281267856
            },
            "0.525000": {
                "error_ratio": 0.36857944514962676,
                "value_ratio": 3.729209466502977
            },
            "0.575000": {
                "error_ratio": 0.5346246671050039,
                "value_ratio": 4.266501272765737
            },
            "0.625000": {
                "error_ratio": 0.9409095071271292,
                "value_ratio": 2.5693859994797035
            }
        },
        "0.525000": {
            "0.375000": {
                "error_ratio": 1.4887406482642018,
                "value_ratio": 6.8013094025592755
            },
            "0.425000": {
                "error_ratio": 0.733198196521796,
                "value_ratio": 4.785959078900378
            },
            "0.475000": {
                "error_ratio": 0.9128863504110407,
                "value_ratio": 5.285510069590567
            },
            "0.525000": {
                "error_ratio": 0.9787860228188882,
                "value_ratio": 3.758177155817461
            }
        },
        "0.575000": {
            "0.425000": {
                "error_ratio": 1.154609033009549,
                "value_ratio": 3.9145918086356164
            }
        }
    },
    "4.750000": {
        "0.325000": {
            "0.475000": {
                "error_ratio": 2.1252885524888567,
                "value_ratio": 4.148427963604491
            },
            "0.525000": {
                "error_ratio": 1.7888315900863834,
                "value_ratio": 3.4104679735677546
            },
            "0.725000": {
                "error_ratio": 0.5050743766460715,
                "value_ratio": 0.419238470721512
            }
        },
        "0.375000": {
            "0.375000": {
                "error_ratio": 0.5503016072186752,
                "value_ratio": 4.578710075894036
            },
            "0.425000": {
                "error_ratio": 0.41775253215471403,
                "value_ratio": 3.9660043361529236
            },
            "0.475000": {
                "error_ratio": 0.39028634661167433,
                "value_ratio": 3.4289609830154166
            },