{
    "3.898000": {
        "0.450000": {
            "0.375000": {
                "error_ratio": 0.41569686607940015,
                "value_ratio": 4.979394995745306
            },
            "0.425000": {
                "error_ratio": 0.32133654776010323,
                "value_ratio": 4.6900781574809
            },
            "0.475000": {
                "error_ratio": 0.2550337245926421,
                "value_ratio": 3.874494719215525
            },
            "0.525000": {
                "error_ratio": 0.233354180778362,
                "value_ratio": 3.6011068891532863
            },
            "0.575000": {
                "error_ratio": 0.3772093931461087,
                "value_ratio": 4.564700725424116
            },
            "0.625000": {
                "error_ratio": 0.42545097112336766,
                "value_ratio": 3.381451500775135
            }
        }
    },
    "3.979000": {
        "0.500000": {
            "0.375000": {
                "error_ratio": 0.5172280629480568,
                "value_ratio": 6.108195671401496
            },
            "0.425000": {
                "error_ratio": 0.3674871699660331,
                "value_ratio": 5.298811601836331
            },
            "0.475000": {
                "error_ratio": 0.3888537398612965,
                "value_ratio": 4.7981083753109575
            },
            "0.525000": {
                "error_ratio": 0.3590700329793204,
                "value_ratio": 4.470933128283772
            },
            "0.575000": {
                "error_ratio": 0.6385708780514783,
                "value_ratio": 4.922060174863476
            },
            "0.625000": {
                "error_ratio": 0.9549609169033906,
                "value_ratio": 4.7674171319483465
            }
        }
    },
    "4.000000": {
        "0.350000": {
            "0.375000": {
                "error_ratio": 0.4889982051338738,
                "value_ratio": 5.522136279155137
            },
            "0.425000": {
                "error_ratio": 0.32215646487531374,
                "value_ratio": 4.478543764285028
            },
            "0.475000": {
                "error_ratio": 0.3324478730882989,
                "value_ratio": 4.774972600795009
            },
            "0.525000": {
                "error_ratio": 0.33770526345183666,
                "value_ratio": 4.2616395911079294
            },
            "0.575000": {
                "error_ratio": 0.22857766896833168,
                "value_ratio": 3.501815638321693
            },
            "0.625000": {
                "error_ratio": 0.17500380258825163,
                "value_ratio": 2.7934404559129336
            },
            "0.675000": {
                "error_ratio": 0.13160559543068157,
                "value_ratio": 2.270105136271584
            },
            "0.725000": {
                "error_ratio": 0.17947470696875825,
                "value_ratio": 2.283251384879188
            },
            "0.775000": {
                "error_ratio": 0.34817966752491064,
                "value_ratio": 1.9589645976439247
            }
        },
        "0.400000": {
            "0.475000": {
                "error_ratio": 0.33992667847411473,
                "value_ratio": 4.228068496750377
            },
            "0.525000": {
                "error_ratio": 0.3681036959091743,
                "value_ratio": 5.111255444120632
            },
            "0.575000": {
                "error_ratio": 0.27404608291641697,
                "value_ratio": 4.064248781959784
            },
            "0.625000": {
                "error_ratio": 0.21130253425319903,
                "value_ratio": 3.018683509753943
            },
            "0.675000": {
                "error_ratio": 0.22806036247313952,
                "value_ratio": 2.956943923482374
            },
            "0.725000": {
                "error_ratio": 0.4207051755346598,
                "value_ratio": 1.962572826566759
            }
        }
    },
    "4.750000": {
        "0.450000": {
            "0.375000": {
                "error_ratio": 0.34778992278730003,
                "value_ratio": 4.626757651835739
            },
            "0.425000": {
                "error_ratio": 0.28901627088118115,
                "value_ratio": 4.566449357400202
            },
            "0.475000": {
                "error_ratio": 0.2737303454484432,
                "value_ratio": 4.472419691205494
            },
            "0.525000": {
                "error_ratio": 0.2512084044261422,
                "value_ratio": 3.9584319913535824
            },
            "0.575000": {
                "error_ratio": 0.23787656358687265,
                "value_ratio": 3.7380577378943776
            },
            "0.625000": {
                "error_ratio": 0.2057061176866338,
                "value_ratio": 3.0402055571074573
            },
            "0.675000": {
                "error_ratio": 0.23789043354214104,
                "value_ratio": 2.9263049496816493
            },
            "0.725000": {
                "error_ratio": 0.44167058023379097,
                "value_ratio": 2.203359149381279
            }
        }
    },
    "4.764000": {
        "0.550000": {
            "0.375000": {
                "error_ratio": 0.5653968355042814,
                "value_ratio": 6.308605569477591
            },
            "0.425000": {
                "error_ratio": 0.4340290537725357,
                "value_ratio": 5.63265956243367
            },
            "0.475000": {
                "error_ratio": 0.34970003878881456,
                "value_ratio": 4.138349299816962
            },
            "0.525000": {
                "error_ratio": 0.37508234364056353,
                "value_ratio": 4.481072585316157
            },
            "0.575000": {
                "error_ratio": 0.42501664952862445,
                "value_ratio": 3.601085252044362
            },
            "0.625000": {
                "error_ratio": 0.8426442380024103,
                "value_ratio": 3.5840986386466396
            }
        }
    },
    "4.775000": {
        "0.600000": {
            "0.375000": {
                "error_ratio": 0.6745610164638522,
                "value_ratio": 6.682989716193787
            },
            "0.425000": {
                "error_ratio": 0.42619844490661885,
                "value_ratio": 5.144094918247585
            },
            "0.475000": {
                "error_ratio": 0.3885508038463274,
                "value_ratio": 3.7552218042196044
            },
            "0.525000": {
                "error_ratio": 0.5360925554499845,
                "value_ratio": 4.956406994354015
            },
            "0.575000": {
                "error_ratio": 0.9739252455872414,
                "value_ratio": 4.366395967901379
            }
        }
    },
    "5.000000": {
        "0.500000": {
            "0.375000": {
                "error_ratio": 0.3747181585699391,
                "value_ratio": 4.813999322765083
            },
            "0.425000": {
                "error_ratio": 0.37025878455570255,
                "value_ratio": 5.4357804023135925
            },
            "0.475000": {
                "error_ratio": 0.27064272129621764,
                "value_ratio": 4.097893920513058
            },
            "0.525000": {
                "error_ratio": 0.2195000900510937,
                "value_ratio": 3.7219526010355133
            },
            "0.575000": {
                "error_ratio": 0.21205186007375246,
                "value_ratio": 3.722418454132113
            },
            "0.625000": {
                "error_ratio": 0.19691729245027056,
                "value_ratio": 2.951052628358805
            },
            "0.675000": {
                "error_ratio": 0.24141195239806795,
                "value_ratio": 2.1965518492270184
            }
        }
    },