{
    "3.898000": {
        "0.450000": {
            "0.375000": {
                "error_ratio": 0.4299192138807271,
                "value_ratio": 5.123775744114579
            },
            "0.425000": {
                "error_ratio": 0.3146639365467018,
                "value_ratio": 4.467283042695807
            },
            "0.475000": {
                "error_ratio": 0.27117492835657003,
                "value_ratio": 4.052946480082851
            },
            "0.525000": {
                "error_ratio": 0.21342231624606023,
                "value_ratio": 3.437075636372151
            },
            "0.575000": {
                "error_ratio": 0.273970322743144,
                "value_ratio": 3.603309598813846
            },
            "0.625000": {
                "error_ratio": 0.3073579446768538,
                "value_ratio": 3.3062475745923714
            }
        }
    },
    "3.979000": {
        "0.500000": {
            "0.375000": {
                "error_ratio": 0.6055016747372988,
                "value_ratio": 6.822960729084875
            },
            "0.425000": {
                "error_ratio": 0.3825648879347035,
                "value_ratio": 5.381824580134345
            },
            "0.475000": {
                "error_ratio": 0.4186417484949322,
                "value_ratio": 4.652175579288455
            },
            "0.525000": {
                "error_ratio": 0.3324042463621612,
                "value_ratio": 4.282829812584259
            },
            "0.575000": {
                "error_ratio": 0.48959531575784326,
                "value_ratio": 4.105162523268338
            },
            "0.625000": {
                "error_ratio": 0.6561014506679358,
                "value_ratio": 3.681391299298791
            }
        }
    },
    "4.000000": {
        "0.350000": {
            "0.375000": {
                "error_ratio": 0.43802667622243635,
                "value_ratio": 5.140258695800943
            },
            "0.425000": {
                "error_ratio": 0.3351877571483396,
                "value_ratio": 4.652300435393826
            },
            "0.475000": {
                "error_ratio": 0.32716082204545643,
                "value_ratio": 4.742470338515188
            },
            "0.525000": {
                "error_ratio": 0.3356027796301592,
                "value_ratio": 4.3246000195809415
            },
            "0.575000": {
                "error_ratio": 0.21739205227507158,
                "value_ratio": 3.3833018635431964
            },
            "0.625000": {
                "error_ratio": 0.16769939529932104,
                "value_ratio": 2.7182916934373496
            },
            "0.675000": {
                "error_ratio": 0.13526446267430786,
                "value_ratio": 2.308327231989917
            },
            "0.725000": {
                "error_ratio": 0.1712502861324058,
                "value_ratio": 2.2392419259245706
            },
            "0.775000": {
                "error_ratio": 0.30629389942674556,
                "value_ratio": 1.7666639511492712
            }
        },
        "0.400000": {
            "0.425000": {
                "error_ratio": 0.828649284492871,
                "value_ratio": 5.23244298839125
            },
            "0.475000": {
                "error_ratio": 0.3406287038032417,
                "value_ratio": 4.29213547841489
            },
            "0.525000": {
                "error_ratio": 0.33488345032057576,
                "value_ratio": 4.803219054860794
            },
            "0.575000": {
                "error_ratio": 0.25677017296939403,
                "value_ratio": 3.8528472574352057
            },
            "0.625000": {
                "error_ratio": 0.19715187815615068,
                "value_ratio": 2.82626626812062
            },
            "0.675000": {
                "error_ratio": 0.2221848542743151,
                "value_ratio": 2.868287145654989
            },
            "0.725000": {
                "error_ratio": 0.4634307173889181,
                "value_ratio": 2.679089634524818
            }
        }
    },
    "4.750000": {
        "0.450000": {
            "0.375000": {
                "error_ratio": 0.3502386474532066,
                "value_ratio": 4.687266601873998
            },
            "0.425000": {
                "error_ratio": 0.2825665632252961,
                "value_ratio": 4.505048634314843
            },
            "0.475000": {
                "error_ratio": 0.2705611270735271,
                "value_ratio": 4.449200777676224
            },
            "0.525000": {
                "error_ratio": 0.20351485463820854,
                "value_ratio": 3.4338847108839383
            },
            "0.575000": {
                "error_ratio": 0.19825802027126507,
                "value_ratio": 3.2486030393594616
            },
            "0.625000": {
                "error_ratio": 0.1927468702660802,
                "value_ratio": 2.8534708993582396
            },
            "0.675000": {
                "error_ratio": 0.238900343100617,
                "value_ratio": 2.973582108821745
            },
            "0.725000": {
                "error_ratio": 0.48699585600687617,
                "value_ratio": 2.389938036387331
            }
        }
    },
    "4.764000": {
        "0.550000": {
            "0.375000": {
                "error_ratio": 0.5321912208543059,
                "value_ratio": 6.10890111226923
            },
            "0.425000": {
                "error_ratio": 0.3968741773891559,
                "value_ratio": 5.373974046386237
            },
            "0.475000": {
                "error_ratio": 0.3889628045944855,
                "value_ratio": 4.538809376771121
            },
            "0.525000": {
                "error_ratio": 0.2971470170984728,
                "value_ratio": 3.9094859718870247
            },
            "0.575000": {
                "error_ratio": 0.3280962883844543,
                "value_ratio": 2.9475025989884256
            },
            "0.625000": {
                "error_ratio": 0.5048181459519482,
                "value_ratio": 3.216366626609328
            }
        }
    },
    "4.775000": {
        "0.600000": {
            "0.375000": {
                "error_ratio": 0.7676882847429142,
                "value_ratio": 7.3451619165711906
            },
            "0.425000": {
                "error_ratio": 0.4352913993731682,
                "value_ratio": 5.357133914045003
            },
            "0.475000": {
                "error_ratio": 0.32948400312223675,
                "value_ratio": 3.4888897366003873
            },
            "0.525000": {
                "error_ratio": 0.47085520775247214,
                "value_ratio": 4.6295203558702545
            },
            "0.575000": {
                "error_ratio": 0.5252732236525054,
                "value_ratio": 3.277012575762364
            }
        }
    },
    "5.000000": {
        "0.500000": {
            "0.375000": {
                "error_ratio": 0.40988555048110326,
                "value_ratio": 5.17359683690505
            },
            "0.425000": {
                "error_ratio": 0.36287930485234227,
                "value_ratio": 5.285076485150927
            },
            "0.475000": {
                "error_ratio": 0.279014104704966,
                "value_ratio": 4.180766876774359
            },
            "0.525000": {
                "error_ratio": 0.2069338579336588,
                "value_ratio": 3.6073743393299584
            },
            "0.575000": {
                "error_ratio": 0.18337447126676487,
                "value_ratio": 3.352123291669694
            },
            "0.625000": {
                "error_ratio": 0.1668183793905573,
                "value_ratio": 2.6140282989324293
            },
            "0.675000": {
                "error_ratio": 0.2441620749903944,