{
    "4.000000": {
        "0.275000": {
            "0.425000": {
                "90": {
                    "RD_rho": 10.173958344394888,
                    "RDerror_rho": 119.59617800729305,
                    "charge_neg": 111.46319464852323,
                    "charge_pos": 62.59129378134732,
                    "error": 6.4542821123277205,
                    "error_neg": 0.3151222638529527,
                    "error_pos": 0.4119075749119068,
                    "rungroup": 90,
                    "value": 11.01687954216536,
                    "yield_neg": 4.249934068322458,
                    "yield_neg_incrad": 5.279884214695098,
                    "yield_neg_rho": 0.22893462300324743,
                    "yield_pos": 5.310925165073515,
                    "yield_pos_incrad": 8.561037015899949,
                    "yield_pos_rho": 0.22893462300324743
                }
            }
        },
        "0.325000": {
            "0.375000": {
                "140": {
                    "RD_rho": 13.39249446396487,
                    "RDerror_rho": 175.47080181948266,
                    "charge_neg": 131.16621762637868,
                    "charge_pos": 72.08607037810299,
                    "error": 6.838398928463165,
                    "error_neg": 0.41844823370553536,
                    "error_pos": 0.49640041782627986,
                    "rungroup": 140,
                    "value": 14.294311488347978,
                    "yield_neg": 8.03778940174696,
                    "yield_neg_incrad": 12.812382983470153,
                    "yield_neg_rho": 0.30872866513960595,
                    "yield_pos": 9.614412724974796,
                    "yield_pos_incrad": 20.333846386859335,
                    "yield_pos_rho": 0.30872866513960595
                }
            },
            "0.675000": {
                "110": {
                    "RD_rho": 1.4613293379193877,
                    "RDerror_rho": 0.6578087589814678,
                    "charge_neg": 46.64818657485992,
                    "charge_pos": 49.07703160265423,
                    "error": 0.23427041628184112,
                    "error_neg": 0.00525380544441425,
                    "error_pos": 0.005658753862666028,
                    "rungroup": 110,
                    "value": -0.08102098538568674,
                    "yield_neg": -0.027767830926243166,
                    "yield_neg_incrad": 0.09893162566996683,
                    "yield_neg_rho": 0.052596594083280476,
                    "yield_pos": -0.11841570367847482,
                    "yield_pos_incrad": 0.1346035616720087,
                    "yield_pos_rho": 0.052596594083280476
                }
            }
        },
        "0.375000": {
            "0.575000": {
                "130": {
                    "RD_rho": 9.319657435166208,
                    "RDerror_rho": 78.44759381597892,
                    "charge_neg": 154.8329504730798,
                    "charge_pos": 64.49658786882863,
                    "error": 4.650574429412082,
                    "error_neg": 0.3063146065346712,
                    "error_pos": 0.4543839041151576,
                    "rungroup": 130,
                    "value": 10.455473369500071,
                    "yield_neg": 5.611068968734882,
                    "yield_neg_incrad": 5.23946613982619,
                    "yield_neg_rho": 0.3200592083746301,
                    "yield_pos": 7.080515613429868,
                    "yield_pos_incrad": 9.889681488824857,
                    "yield_pos_rho": 0.3200592083746301
                }
            }
        }
    },
    "4.750000": {
        "0.375000": {
            "0.325000": {
                "180": {
                    "RD_rho": 17.39336540176999,
                    "RDerror_rho": 1146.0739162952652,
                    "charge_neg": 227.57325653293276,
                    "charge_pos": 140.2854063954362,
                    "error": 13.64686156666427,
                    "error_neg": 0.15733297034617202,
                    "error_pos": 0.17474758762696635,
                    "rungroup": 180,
                    "value": 17.836280515693268,
                    "yield_neg": 2.189058658174571,
                    "yield_neg_incrad": 2.1132797982929135,
                    "yield_neg_rho": 0.026911085955602588,
                    "yield_pos": 2.5377037088284053,
                    "yield_pos_incrad": 3.606806947704226,
                    "yield_pos_rho": 0.026911085955602588
                }
            }
        },
        "0.425000": {
            "0.325000": {
                "300": {
                    "RD_rho": 10.25827346461798,
                    "RDerror_rho": 708.4685055361679,
                    "charge_neg": 284.34339543938154,
                    "charge_pos": 183.99479828074107,
                    "error": 5.598795638360838,
                    "error_neg": 0.14297601631570597,
                    "error_pos": 0.159532137743597,
                    "rungroup": 300,
                    "value": 10.411079845925842,
                    "yield_neg": 1.867902428616197,
                    "yield_neg_incrad": 1.9566425185519882,
                    "yield_neg_rho": 0.01617962570876741,
                    "yield_pos": 2.358978414544848,
                    "yield_pos_incrad": 3.2020774844248563,
                    "yield_pos_rho": 0.01617962570876741
                }
            },
            "0.425000": {
                "250": {
                    "RD_rho": 10.674228933853252,
                    "RDerror_rho": 87.70117491448782,
                    "charge_neg": 308.57410311201386,
                    "charge_pos": 196.57426461264515,
                    "error": 8.419780372145212,
                    "error_neg": 0.11848750740721758,
                    "error_pos": 0.14319796844291072,
                    "rungroup": 250,
                    "value": 11.963247227919204,
                    "yield_neg": 1.360088550848877,
                    "yield_neg_incrad": 3.457729407418645,
                    "yield_neg_rho": 0.12101775682369809,
                    "yield_pos": 1.6748449988906053,
                    "yield_pos_incrad": 5.341137810320442,
                    "yield_pos_rho": 0.12101775682369809
                }
            }
        },
        "0.525000": {
            "0.325000": {
                "260": {
                    "RD_rho": 9.792708972150637,
                    "RDerror_rho": 143.0749150593084,
                    "charge_neg": 287.18963098756905,
                    "charge_pos": 205.2341353434765,
                    "error": 5.177209810728756,
                    "error_neg": 0.15412206425989103,
                    "error_pos": 0.17419455086965308,
                    "rungroup": 260,
                    "value": 10.234433749271592,
                    "yield_neg": 2.1264675368698733,
                    "yield_neg_incrad": 3.0718164117338356,
                    "yield_neg_rho": 0.0806646571463137,
                    "yield_pos": 2.6943112531607136,
                    "yield_pos_incrad": 4.395960004156303,
                    "yield_pos_rho": 0.0806646571463137
                }
            }
        }
    },
    "5.500000": {
        "0.425000": {
            "0.425000": {
                "520": {
                    "RD_rho": -0.8637633101166361,
                    "RDerror_rho": null,
                    "charge_neg": 461.19689523105205,
                    "charge_pos": 272.20562637361076,
                    "error": 0.246068640621782,
                    "error_neg": 0.003442299473704332,
                    "error_pos": 0.01291790179435394,
                    "rungroup": 520,
                    "value": -0.8637633101166361,
                    "yield_neg": 0.002018687869493772,
                    "yield_neg_incrad": 0.03136621103761139,
                    "yield_neg_rho": 0.0,
                    "yield_pos": 0.04647120366142973,