{
    "3.898000": {
        "0.450000": {
            "0.375000": {
                "error_ratio": 0.5070819649989544,
                "value_ratio": 5.691944672311424
            },
            "0.425000": {
                "error_ratio": 0.3558931488941955,
                "value_ratio": 4.881625527978022
            },
            "0.475000": {
                "error_ratio": 0.2769286530935708,
                "value_ratio": 4.074914214998964
            },
            "0.525000": {
                "error_ratio": 0.256994422515917,
                "value_ratio": 3.824800233061362
            },
            "0.575000": {
                "error_ratio": 0.4023826647964637,
                "value_ratio": 4.695054994637697
            },
            "0.625000": {
                "error_ratio": 0.4574799032058975,
                "value_ratio": 4.3951056430187085
            }
        }
    },
    "3.979000": {
        "0.500000": {
            "0.375000": {
                "error_ratio": 0.5567686754721175,
                "value_ratio": 6.303320010573015
            },
            "0.425000": {
                "error_ratio": 0.396372344076868,
                "value_ratio": 5.481887110334444
            },
            "0.475000": {
                "error_ratio": 0.4117674090017537,
                "value_ratio": 4.9200691810361
            },
            "0.525000": {
                "error_ratio": 0.3885776065537503,
                "value_ratio": 4.647591521996802
            },
            "0.575000": {
                "error_ratio": 0.7115432821831176,
                "value_ratio": 5.233177137445436
            },
            "0.625000": {
                "error_ratio": 0.9982351440952488,
                "value_ratio": 4.785054959419031
            }
        }
    },
    "4.000000": {
        "0.350000": {
            "0.375000": {
                "error_ratio": 0.5261109997158472,
                "value_ratio": 5.7602365573413525
            },
            "0.425000": {
                "error_ratio": 0.3455489103577754,
                "value_ratio": 4.658074358853222
            },
            "0.475000": {
                "error_ratio": 0.3579081853833113,
                "value_ratio": 4.98871079872985
            },
            "0.525000": {
                "error_ratio": 0.3553587443217273,
                "value_ratio": 4.31334305633913
            },
            "0.575000": {
                "error_ratio": 0.24571794727580407,
                "value_ratio": 3.6666848687109375
            },
            "0.625000": {
                "error_ratio": 0.19289977857508409,
                "value_ratio": 3.0151035522161544
            },
            "0.675000": {
                "error_ratio": 0.1398971560542871,
                "value_ratio": 2.379469146180831
            },
            "0.725000": {
                "error_ratio": 0.19946816744773457,
                "value_ratio": 2.460689805818783
            },
            "0.775000": {
                "error_ratio": 0.3844627259957664,
                "value_ratio": 2.06503519859186
            }
        },
        "0.400000": {
            "0.475000": {
                "error_ratio": 0.3545917340245647,
                "value_ratio": 4.326954195061126
            },
            "0.525000": {
                "error_ratio": 0.3807522764482943,
                "value_ratio": 5.199565166775294
            },
            "0.575000": {
                "error_ratio": 0.2886368743998888,
                "value_ratio": 4.1792608715061
            },
            "0.625000": {
                "error_ratio": 0.23510103010386568,
                "value_ratio": 3.2504202737252825
            },
            "0.675000": {
                "error_ratio": 0.25307739012265273,
                "value_ratio": 3.172163735211169
            },
            "0.725000": {
                "error_ratio": 0.47625161216440975,
                "value_ratio": 2.1026059743063192
            }
        }
    },
    "4.750000": {
        "0.450000": {
            "0.375000": {
                "error_ratio": 0.36096915786749284,
                "value_ratio": 4.697326400003673
            },
            "0.425000": {
                "error_ratio": 0.3027371285058391,
                "value_ratio": 4.6719307677316175
            },
            "0.475000": {
                "error_ratio": 0.2868834658955974,
                "value_ratio": 4.593543960899392
            },
            "0.525000": {
                "error_ratio": 0.27010489592841125,
                "value_ratio": 4.1319854953267505
            },
            "0.575000": {
                "error_ratio": 0.25366398653130706,
                "value_ratio": 3.8742202981735168
            },
            "0.625000": {
                "error_ratio": 0.2279857566506942,
                "value_ratio": 3.2620192127009435
            },
            "0.675000": {
                "error_ratio": 0.2619357504097808,
                "value_ratio": 3.1005125237217315
            },
            "0.725000": {
                "error_ratio": 0.5461862519084083,
                "value_ratio": 2.5757142339744745
            }
        }
    },
    "4.764000": {
        "0.550000": {
            "0.375000": {
                "error_ratio": 0.5912458033442737,
                "value_ratio": 6.400523136897356
            },
            "0.425000": {
                "error_ratio": 0.46247338770405483,
                "value_ratio": 5.859691924922223
            },
            "0.475000": {
                "error_ratio": 0.369824761915203,
                "value_ratio": 4.251049796524021
            },
            "0.525000": {
                "error_ratio": 0.3986206135187652,
                "value_ratio": 4.6064025328675005
            },
            "0.575000": {
                "error_ratio": 0.4396738745312464,
                "value_ratio": 3.6451147605268845
            },
            "0.625000": {
                "error_ratio": 0.7846378175521828,
                "value_ratio": 3.2489718508071004
            }
        }
    },
    "4.775000": {
        "0.600000": {
            "0.375000": {
                "error_ratio": 0.7294404248933125,
                "value_ratio": 6.900862854975934
            },
            "0.425000": {
                "error_ratio": 0.4492907274739409,
                "value_ratio": 5.276382820938333
            },
            "0.475000": {
                "error_ratio": 0.42963206673079923,
                "value_ratio": 3.9944313944780583
            },
            "0.525000": {
                "error_ratio": 0.6031396242253371,
                "value_ratio": 5.306019158433977
            },
            "0.575000": {
                "error_ratio": 0.9235728320894192,
                "value_ratio": 4.099268180597386
            }
        }
    },
    "5.000000": {
        "0.500000": {
            "0.375000": {
                "error_ratio": 0.406330220248911,
                "value_ratio": 5.047632124861239
            },
            "0.425000": {
                "error_ratio": 0.3892796562979477,
                "value_ratio": 5.5730339365417425
            },
            "0.475000": {
                "error_ratio": 0.2892867514380479,
                "value_ratio": 4.273221849666421
            },
            "0.525000": {
                "error_ratio": 0.2314414305753393,
                "value_ratio": 3.845060805504994
            },
            "0.575000": {
                "error_ratio": 0.22556839820695965,
                "value_ratio": 3.840463275816813
            },
            "0.625000": {
                "error_ratio": 0.21864788413736086,
                "value_ratio": 3.168274865213691
            },
            "0.675000": {
                "error_ratio": 0.26240255407056007,
                "value_ratio": 2.236862460468369
            }
        }
    },